blogname,contents,datetime,thumbnail,title,url
시간여행자 현,두번째 맛집!! 제주도왔으면 갈치요리는 한번먹어봐야겠지 않습니까? 저도 부산사람이라 생선요리는 많이먹어봤습니다. 그러나 제주도랑은 느낌이 다릅니다. 제주도 고등어 갈치조림 맛집 &#39;손맛촌&#39; 도로명주소 : 제주시 조천읍 비자림로 661 주소 : 제주시 조천읍 교래리 534 고등어조림 갈치구이 갈치조림 처음갔을때는...,2020-10-02 12:52:00+09:00,https://search4.kakaocdn.net/argon/130x130_85_c/2ZnsXWzRK4p,제주도 현지맛집 추천,http://hyun1015.tistory.com/6
The The The +,제주도 맛집 -데미안- 아무리 여행의 목적이 관광이라고 하지만 먹는 것을 빼놓으면 섭섭할 수가 있습니다. 하지만 주머니 사정이 좋지 않다면 가성비가 좋은 곳을 찾아다니며 먹을 수밖에 없는데요. 저 역시 최소한의 비용으로 제주도 여행을 즐겨야 했기 때문에 가성비 좋은 식당을 찾다가 제주도 맛집으로도 유명하고...,2019-12-26 11:15:00+09:00,https://search2.kakaocdn.net/argon/130x130_85_c/GwAXKa4L5OO,제주도 맛집,http://the-the-the-plus.tistory.com/549
바람이 불었다,제주도맛집 추천 베스트15 제주도맛집 추천 베스트15 제주도한달살기를 하면서 직접 다녀본 수많은 맛집 중에서 정말 괜찮았던 식당들을 추려서 올려봅니다. 제주도를 여행하시는 분들에게 도움이 되셨으면 합니다. 아래 내중 중에서는 제주 현지인이 추천해준 제주맛집과 계획없이 들어가본 식당들이 섞여있습니다...,2020-07-21 22:22:00+09:00,https://search4.kakaocdn.net/argon/130x130_85_c/JbwxZMSbxfN,제주도맛집 추천 베스트15,http://j-windy.tistory.com/466
사랑으로꿀팁,비가 오면 원래 동네 그냥 포장마차가 생각이 나야 되지만 문뜩 그때 다녀왓던 곳이 이렇게 생각나본적은 처음인것 같네요. 오늘 제가 소개 해드릴 제주도 맛집은 바로 제주예찬이라는 곳입니다. 제주예찬 위치.제주 제주시 1100로 2997 운영시간.09:00-21:00 라스트오더.20:00 (연중무휴) 근처관광지.제주브릭캠퍼스...,2020-07-04 15:28:00+09:00,https://search3.kakaocdn.net/argon/130x130_85_c/HZefd4lEK5l,여기가 핫하죠 제주도 맛집,http://dlqltmgpdj.tistory.com/4
제주 여행 맛집 전문 블로그 : 설이오빠,"제주도 맛집 현지인 추천 한경면 풍차와전복 밖에 나가 점심이나 저녁을 먹을 때면 몸에 이로움을 주는 음식을 주로 찾는다. 이왕 돈을 주고 먹는 건데 몸에 해로운 음식을 먹는 다는 거 자체가 어느순간부터 아이러니한 기분도 들고, 음식을 다 먹고 나서 만족도 또한 다르기 때문이다. 제주도에서 먹을 수 있는 여러...",2020-10-04 14:06:00+09:00,https://search4.kakaocdn.net/argon/130x130_85_c/85svg6TGJB5,제주도 맛집 현지인 추천 한경면 풍차와전복,http://jjyface.tistory.com/753
열정멘토의 책사과,"&lt;제주도 맛집 현지인 강력추천&gt; &lt;동복리 해녀촌&gt; 신선한 회와 야채, 국수를 초장과 함께 비벼 먹는 회국수로 유명한 식당이다. 제주도 맛집 현지인 강력추천 현지인들은 성게로 육수를 내고 성게알이 고명으로 올라가는 성게 국수를 더 많이 찾는다. 생선회와 생선 구이도 먹을 수 있다. &lt;맛나 식당&gt; 갈치조림과 고등어...",2020-03-27 20:25:00+09:00,https://search1.kakaocdn.net/argon/130x130_85_c/IyowznNG0YJ,제주도 맛집 현지인 강력추천,http://jcoach2946.tistory.com/144
기며기의 일상 엿보기,"왔어요. 집중해서 꺾어주셔야 합니다. 예쁜 인형과 예쁜 배경으로 포토존을 만들어 놨어요. 남자끼리는 필요 없는 장소입니다. TV 제주가 좋다에 방영된 제주도 맛집입니다. 올레냉면 뒷편에 주차장이 있습니다. 올레냉면 주차장에 주차하시면 편리합니다. 너무 마음에 와 닿는 글귀였어요. 먹고 싶은 거 먹고, 하고...",2020-09-05 12:25:00+09:00,https://search1.kakaocdn.net/argon/130x130_85_c/K25WcfzQRvc,[제주도 맛집] 특별한 제주 스타일 톳냉면 파는 올레냉면,http://kimegi.co.kr/295
마시따,제주도맛집 추천 고등어회 작년 4월과 5월에 제주도 여행을 2번이나 다녀 왔었는데 봄이 되니 그때 여행 했던 기억들이 새록 새록 들면서 얼마나 행복한 시간 이었는지 알 수 있는 시간이었습니다 매년 제주도 여행은 결혼기념일 에 맞춰서 10년 넘게 매회 다녔기에 이번 2020년에는 아쉬움이 많이 큽니다 제주도맛집...,2020-04-16 11:26:00+09:00,https://search3.kakaocdn.net/argon/130x130_85_c/AbVgIdbYrc9,제주도맛집추천 고등어회,http://ssikjr.tistory.com/65
친구,세월이 묻어있는 인테리어와 테이블에서 제주 특유의 정서를 느낄 수 있었답니다. 중문관광단지 안에서 오랜기간 운영을 해서 사람들에게 알려져있는 제주도 맛집이다보니 한번에 많은 인원이 들이닥쳐도 식사를 할 수 있게 주방과 홀 시스템이 단단하게 구축되어 있는 것도 안성적이었어요. SNS를 통해서 연예인이나...,2020-07-23 00:38:00+09:00,https://search3.kakaocdn.net/argon/130x130_85_c/67luJyG4qfy,특출났던 제주도 맛집,http://ringloan.co.kr/59
제이토리 일상 :),휴무일은 매주 화요일) 동백별장 제주특별자치도 제주시 원노형3길 44 (노형동 903-1) place.map.kakao.com &lt;이미지출처:채널A 하트시그널 시즌3&gt; #제주도맛집#하트시그널시즌3#하트시그널맛집#하트시그널제주도데이트#애월맛집#함덕해수욕장맛집#제주시내술집#제주하복#제주바다제비#제주도술집#제주도칠돈가#제주도...,2020-06-27 22:49:00+09:00,https://search3.kakaocdn.net/argon/130x130_85_c/IuWcOTV3szZ,하트시그널 시즌3 13회 커플 데이트 제주도 맛집,http://lelel3636.tistory.com/110
세상의 모든 기록,라면 맛집으로 유명한 속골할망라면입니다. 이곳의 풀네임은 속골할망라면백숙으로 해물라면으로 유명한 곳인데 백숙까지 같이 하고 있어요! 제주도 가성비 맛집으로도 유명한데요. 라면에 해산물이 가득 들어있는데 가격까지 저렴해서 인기있는 곳입니다. 제주도 여행 가볼만한 곳으로 추천해요. 해산물 푸짐한 해물...,2020-10-08 08:01:00+09:00,https://search1.kakaocdn.net/argon/130x130_85_c/K0tOChR9okn,제주도 맛집 :: 제주도 해물라면 맛집 속골할망라면백숙,http://hodorison.tistory.com/116
마시따,거죠 먹는 즐거움 정말 최고이죠 제주도 여행 중 맛집 추천 검색 해서 많이 다니시잖아요 저희도 검색을 잘 활용해서 맛집을 찾아 제주도 여행을 했던 기억이 있습니다 집에만 있으니 자꾸 여행 다녔을 때 생각들이 자꾸 떠 오르면서 클라우드에 저장되어 있는 사진들을 보고 또 보고 있습니다 작년에는 3월에 한번 5월...,2020-04-23 16:07:00+09:00,https://search4.kakaocdn.net/argon/130x130_85_c/K8NeF0YSVe4,제주도여행 맛집추천,http://ssikjr.tistory.com/69
하루하루 :-),근처 맛집 평대전복에서 밥을먹고 천천히 커피를 마시러 드라이브 하며 왔습니다 근처 추천카페를 검색�� haru-haha.tistory.com 그외 제주도 추천맛집들 2020/05/23 - [맛집여행] - 두번째 이용하는 탐나돈 정육식당 두번째 이용하는 탐나돈 추천 제주도 정육식당 2월달에 이어 이번에 두번째 먹으러간 탐나돈 정육...,2020-05-24 11:30:00+09:00,https://search1.kakaocdn.net/argon/130x130_85_c/59AvBwlbEfo,제주도 맛집 추천 전복요리전문점 평대전복!,http://haru-haha.tistory.com/55
The The The +,"준 곳 재연식당이 생각나 그쪽으로 가기로 했습니다. 성산일출봉에서 10km만 가면 되기 때문에 차로는 금방이죠. 그런데 알고 보니 재연식당이라는 곳도 제주도 맛집으로 유명하더라구요. 일반 백반집인데, 평범한 백반집이라고 생각하면 안 됩니다. 1. 제주도 맛집 재연식당 여기가 제주도 맛집 재연식당입니다. 그냥...",2020-01-07 16:07:00+09:00,https://search3.kakaocdn.net/argon/130x130_85_c/bNzb9yKOm1,제주도 맛집 재연식당,http://the-the-the-plus.tistory.com/574
"노여,일하다지칠때",찾아보고 정리하는 여러분들의 시간입니다 : ) ! 평점 4.2점 이상 / 누적평가 최소 70건 이상 ! 지역별 한식 / 일식 / 해산물 / 카페 등 총 60곳의 제주도 맛집을 안내합니다. https://www.frip.co.kr/products/138226 → 내가 여행을 간다면 어떻게 다녀올지를 체크해보고 있으니 저도 한번 골라볼까요? 식당은 가이드...,2020-09-20 16:00:00+09:00,https://search4.kakaocdn.net/argon/130x130_85_c/7zIgZe83dnJ,[NoYeo jourNeY] 뭘 먹을까? 제주도 맛집! 실패없이 고르기,http://noyeo.tistory.com/9
오꾹21,"갈 수 있고 긴 예약? 뭐 예약정도는 해야하지만 신라호텔에 있는 아리아케 처럼 수천통을 하고 예약을 해야 갈 수 있는 그런 곳은 가 본 적도 없지만 제주도 맛집 아리의 초밥과 텐동은 저에게 더할 나위 없는 만족감을 주었습니다~ 진심으로요^^ 그럼 제주도 맛집, 서귀포 맛집 아리로 한 걸음 더 들어가시죠^^ 아리의...",2020-07-16 20:36:00+09:00,https://search4.kakaocdn.net/argon/130x130_85_c/HUGCtSWifyh,"제주도 맛집, 서귀포 맛집 진심. 아리",http://5kook21.tistory.com/110
리얼제주도민이야기,"취미이자 특기가 먹으러 다니고 마시러 다니고 구경하러 다니는 것 인데, 코로나가 끝나고 오게될 국내여행 관광객들을 위해 이제까지 모아놓았던 찐 제주도 맛집들을 한 포스팅에 모아 소개해보려한다. 입맛은 개인에 따라 다르기 때문에 그 점은 참고해주길 바람. 하지만 내가 정말 맛있다고 느끼고 꼭 한번 가봤으면...",2020-07-14 08:11:00+09:00,https://search4.kakaocdn.net/argon/130x130_85_c/GPTXX2oH5wy,찐 도민이 추천하는 제주도 맛집 best20,http://586hot.tistory.com/269
꿈꾸는 모래시계/ggumosi.tistory.com,"안녕하세요. 꿈꾸는 모래시계, 꿈모시입니다. 오늘은 #제주도맛집 #다다식탁 이야기 함께해요. 제주도 여행) 아름다운 천년의 숲,비자림 https://ggumosi.tistory.com/975 여름의 푸르름과 신비로움이 가득했던 천년의 숲, 비자림을 뒤로하고 이제 제주도 바다 보러 갑니다. 이번 제주도 여행 동안은 비가 계속 이어져...",2020-10-05 19:14:00+09:00,https://search3.kakaocdn.net/argon/130x130_85_c/FYK9FFkNjab,제주도 맛집) 다다식탁,http://ggumosi.tistory.com/979
꿈꾸는 모래시계/ggumosi.tistory.com,"안녕하세요. 꿈꾸는 모래시계, 꿈모시입니다. 오늘은 #제주도맛집 #제주도성산맛집 #커큐민흑돼지 이야기 함께해요. 제주도 카페) 성산일출봉 뷰+천국의 계단,카페 오르다 https://ggumosi.tistory.com/965 카페 오르다에서 즐거운 시간을 보내고 이 날, 머물 골든튤립 제주성산 호텔로 향했습니다. 호텔에서 잠시...",2020-09-16 14:00:00+09:00,https://search1.kakaocdn.net/argon/130x130_85_c/3WicMO9qClb,제주도 맛집) 커큐민 흑돼지,http://ggumosi.tistory.com/969
사랑스런반려견,제주도 가성비 좋은 맛집 우선 제가 여기를 알게 된 것은 오래전 부터 였답니다. 지금은 이렇게 새롭게 인테리어부터 모든 메뉴가다 바뀌었습니다. 바뀌기 전에는 그렇게 자주 가지는 않았었거든요? 처음에는 해물 통갈치조림이라고 엄청 유행 할때 들렀었던 적이 있었습니다 . 그때 부터 제주도 가면 한번씩 들리곤...,2020-07-03 19:00:00+09:00,https://search4.kakaocdn.net/argon/130x130_85_c/DQCXnUNWbui,제주도 가성비 좋은 맛집,http://rndelqkdel.tistory.com/54
행복한일상,사각사각 쫀든쫀든 하면서 비릿맛은 1도 없고 달짝지근 하니 정말 맛있는 싱싱한 회이었습니다 제주도 현지인 추천맛집 왜 이곳인지 알겠습니다 아무리 먹어도 질리지도 않고 음식이 많이 나와서 다 먹지 못할까봐 걱정이었네요 싱싱한 회를 이 식당의 소스에 찍어도 먹고 쌈 싸서도 먹어 보고 고유의 맛을 느껴 볼려고...,2020-04-13 10:22:00+09:00,,제주도 현지인 추천 맛집,http://seoulhangang.com/364
흐르는별빛,제주도 맛집 지도 현지인 추천 안녕하세요. 오늘은 제주도 방문하기 전에 꼭 확인해야할 제주도 맛집 지도 제주도 맛집 현지인 추천 알아보겠습니다. 제주도에는 수많은 맛집들이 존재하는데요. 다양한 메뉴로 고민하기전에 추천리스트스 알아보면 더욱 좋을것 같아요. ■ 제주 음식점 LIST 구 분 음식점 메 뉴 특 징 위...,2020-06-04 17:52:00+09:00,,제주도 맛집 현지인 추천 총정리,http://history1022.tistory.com/154
주돌나라 향기공주,"떡갈비,멸치가 맛있다 떡갈비가 의외로 맛있었음 ^^ ​ ​ ​ 제주 서귀포 국수의 전설 ❤️❤️❤️ 여긴 지나가다가 그냥 들어갔다 고기국수(8,000원)는 내가 제대로 안먹어봐서 모르겠궁 ​ 보말칼국수(10,000원)가 참 맛있었다 ​ 청냥스고추랑 같이 먹으면 금상첨화,, 또 가고 싶어 ​ ​ ​ #제주도 #제주도맛집 #제주도존맛 #제주도민맛집...",2020-08-08 18:53:00+09:00,,제주도 맛집모음 @-@,http://blog.naver.com/rual19/222054967055
세상의 모든 기록,"제주도 흑돼지 맛집 제주도 로컬 맛집 흑돼지 전문점 포도원 흑돼지 안녕하세요. 호돌이손입니다. 오늘 소개할 맛집은 제주도 흑돼지 식당인데요. 저는 사실 해산물보다 고기를 더 좋아합니다:) 제주도는 해산물이 워낙 맛있지만 고기, 그 중에서도 흑돼지가 아주 유명하죠. 흑돼지 식당은 제주도 관광 할 때 꼭 빼놓지...",2020-10-09 09:46:00+09:00,,제주도 맛집 :: 제주도 현지인 추천 흑돼지 맛집 포도원흑돼지,http://hodorison.tistory.com/121
음식맛집 노래맛집,근사했던 제주도 맛집 저번주에 친구들과 함께 가을 여행을 다녀왔는데요. 시원해진 바람을 맞으면서 속을 든든하게 채울 수 있는 식당을 찾다가 현지에 사는 동료분의 소개로 제주도 맛집을 다녀오게 되었어요. 그 때의 맛을 잊기 너무 힘들어서 사진을 추려서 알려드리고자 합니다. 색달식당은 중문관광로와 일주서로...,2020-09-23 15:42:00+09:00,,근사했던 제주도 맛집,http://hotplace.modoojoa.com/58
NAILED IT,제주도 여행 중 우연히 알게 된 맛집 시원한 바다뷰와 함께 맛있는 파스타를 맛볼 수 있는 곳 오늘 소개해 드릴 곳은 제주도 파스타 맛집! 수리키친 입니다. #1. 외관 &amp; 주차 네비를 찍고 오시면 이렇게 음식점 앞에 주차 공간이 있어요~ 넉넉하니 주차 걱정은 안 하셔도 될 듯~~ 음식전으로 들어서는 길이입니다. 운치...,2020-10-11 08:30:00+09:00,,"[제주도 맛집]스파게티, 파스타 맛집 수리키친",http://nailedit1.tistory.com/30
쉼이 있는 여행,"제주도 맛집 정리했습니다. 제주도 여행 가면 맛집에 식사하는 것이 즐거운 여행에 필수입니다. 1. 김희선제주몸국 :몸국이 맛있는 제주도 맛집 ▶ 대표 메뉴: - 몸국(7,000원), 고사리육개장(7,000원), 성게미역국(10,000원) ▶ 영업시간: - 평일 오전 7:00 ~ 오후 4:00 - 토요일 오전 7:00 ~ 오후 3:00 - 일요일 휴무...",2020-06-04 21:52:00+09:00,,제주도 맛집 추천,http://goonatrip.tistory.com/323
황크리,해주시고 전혀 기분 나쁘지 않게 넘어갈 수 있었습니다 슬프게도 마지막 남은 고기였습니다 배가 불렀지만 마지막까지 정말 맛있게 먹었습니다 제주도 여행 2박 3일 동안 맛집 탐방에 계속 실패해서 너무 아쉬웠는데 태백산에서 먹고 나서 그래도 기분 좋게 다시 서울로 돌아갈 수 있었습니다 이렇게 든든히 먹고도 가격...,2020-01-25 21:48:00+09:00,,[제주도맛집] 공항근처 고깃집 태백산 리얼후기,http://hcreative.tistory.com/11
홍이일상,바다를본돼지&#34; 이번에 제주도 여행 중에 찾게 된 제주도 맛집 바다를본돼지! 아무래도 제주도는 해산물과 흑돼지가 아주 유명하죠~ 이번에 저희가 다녀온 제주도 맛집 바다를본돼지는 해산물과 흑돼지가 맛있기로 유명하다고 해서 찾아가게 되었습니다. 무엇보다 맛 좋은 음식을 제주도 오션뷰와 함께 즐길 수 있어서...,2020-02-22 14:51:00+09:00,,제주도 맛집: &#34;바다를본돼지&#34; 오션뷰,http://hongene.tistory.com/173
I have something for you.,양념장이.. 새콤달콤한 것이 제 입맛에는 정말 딱이였구요! 수육도 야들야들하고 양도 적당하고 크기도 딱 입에 좋을 사이즈여서 정말 맛있게 먹었습니다. 오늘은 제주도에서 추천 맛집을 주제로해서 세 군데정도 추천드려봐요. 제주도 가시게 된다면 참고가 되었으면 좋겠습니다 ^^ 모두 코로나19 조심하시고 이겨...,2020-09-08 17:35:00+09:00,,제주도 맛집 리뷰 리스트 모음,http://woosta.tistory.com/7
WILL CONGMING,줄이 정말 길었었다. 차들이 정말 많아서 주차하기는 힘들었다. 몇번 주변을 돌았던 기억이 있다. 커피 맛보다는 뷰가... 뷰 맛집!! 제주도 가서 커피 구석진곳에 커피맛집보단 풍경좋은 뷰맛집이 훨씬 낫다고 생각한다. 하하호호 우도에서 유명한 수제 햄버거!! 오토바이 빌려서 돌아다녀 보면 하하호호 햄버거집 발견...,2020-02-08 18:20:00+09:00,,제주도 여행 맛집 종합편,http://congming.tistory.com/15
대인관계,지난 게시글 확인 해보셔요...ㅎㅎ 매일 2끼씩 총 제주도 식당을 최소 2x30=60곳 다녀왔네요.(금강산도 식후경~~) 그럼 지금부터 이 식당들 중 제가 뽑은 제주도 맛집들과 관련 정보들을 알려드릴게요. 제가 직접 다녀온 곳 이외에 제주도 현지인들이 추천해준 곳도 뽑았으니까 유익할거 확신합니다. ​ ​ No.1 자매국수...,2020-08-17 17:06:00+09:00,,제주도 맛집 BEST10,http://blog.naver.com/naljh96/222063032040
"재미있는 일상, Shall we?","​ 최근에 가족들과 함께 제주도에 여행을 다녀왔어요. 주변 지인들이 꼭 가보라고한 제주도 맛집 에서 전복, 갈치, 우럭, 새우 등등 싱싱한 해산물을 푸짐하게 먹고와서 입과 눈이 모두 호강했던 곳이랍니다. ​ ​ ​ 그렇게 도착한 기원뚝배기는 논짓물에서 자동차 타고 10분정도 이동하니 보였는데요. 멀리서부터 은갈치...",2020-07-23 18:54:00+09:00,,배불렀던 제주도 맛집,http://blog.naver.com/tofl3107/222039627107
헬씨라이프,"그동안 흑돼지 두루치기, 고기국수, 돔베고기, 갈치구이, 조림 등 제주를 대표하는 다양한 음식을 먹었다. 오늘은 특별히 건강한 맛을 찾아서 배틀트립 제주도 맛집을 찾았다. 도토리키친이라는 곳인데 오래전에 방송을 본 뒤 꼭 한 번 가보고싶다는 생각을 했는데 오늘이 그날이다. 색다른 맛이 있는 곳 배틀트립...",2020-05-07 21:17:00+09:00,,배틀트립 제주도 맛집 도토리키친,http://lion444.tistory.com/94
꿍디빵디아빠,안녕하세요. 요즘 날씨 너무좋조? 이럴때는 제주도로 후울쩍 여행 떠나기 딱 좋은 날씨인데요. 오늘은 제주가면 꼭 들려야항 제주도 가성비 맛집을 소개할까합니다. 사실 저도 제주로를 자주 가는 편은아닌데요. 친구가 왕복으로 엄청 저렴하게 다녀왔다는 소식을 듣고 바로 항공권을 검색해봤는데 이가격이 실화인가요...,2020-05-25 16:53:00+09:00,,제주도 가성비 맛집 아침식사 굿,http://gdbd0712.tistory.com/21
다둥애비 뚱땡이라이프,수있고 포장도 가능하니 포장해서 바다보이는 곳에 가서 촵촵해도 너무 좋지 않을까요?^^ 즐건 주말되세요~~잇님들 그리고? 있잖아요.. 구독과 좋아요는 글쓰는이를 행복하게 한답니다.❤ #제주도맛집 #제주도여행 #제주도Best맛집 #제주도만두 #노형동맛집 #제주도필수코스 #봉크랑 #봉크랑만두 #제주도존맛탱 #제주도jmt,2020-09-26 12:49:00+09:00,,제주도 맛집 필수 코스 봉크랑 만두 만두 장인이?,http://gagman1525.tistory.com/25
디제이의 잇슈,제주도 우도 맛집 추천 ☜ 서귀포 맛집 미향 포스팅 바로가기 ☜ 중문 말고기 맛집 신라원 포스팅 바로가기 ☜ 1. 피자JK 첫 번 째로 소개해 드릴 제주도 맛집은 &#39;피자KJ&#39; 입니다. 제주 시청 근처에 위치한 곳으로 빈티지한 펍분위기를 제대로 느끼고 싶다면 추천드리는 제주도 맛집 입니다. 부담스럽지 않은 가격대로...,2019-11-08 19:14:00+09:00,,제주도 맛집 추천 Best7,http://kimdj1989.kr/335
♥ 앎이네 BLOG :),깔끔하게 관리가 되어 있더라고요. 파킹 라인이 없을 정도로 넉넉해서 편하게 주차를 할 수 있다는 것이 장점이었죠! ​ ​ 내부와 이어지는 엘레베이터를 타고 들어오니 깔끔하게 관리된 모습이 눈에 들어왔는데요. 입식테이블이 엄청 많이 세팅되어 있어 단체로 모임을 하기에 딱 좋아 보였어요! ​ ​ 우리는 이 날 제주도...,2020-10-08 07:00:00+09:00,,기대한 제주도 맛집 리스트,http://arum0825.blog.me/222109792582
로뱅이의 일상,제주도 맛집 딱새우 드셔보셨어요? 안녕하세요. 이제 7월에 들어서면서 날씨도 점점 더워지고 휴가생각이 간절해지는 시기가 왔어요. 그래서 제주도로 휴가를 떠나시는 분들을 위해 제주도 맛집을 소개해 드리려고요. 저도 제주도를 여러번 다녀왔고 갈 때마다 맛집을 찾아서 갔었는데 그 중 가장 맛있는 집이예요! 피어...,2019-06-29 12:55:00+09:00,,제주도 맛집 딱새우 드셔보셨어요?,http://interrobang2.tistory.com/72
브라이트 민의 일상기록,"진짜 자러 갈게요! 제주도 하갈비 : 숟가락 점수 5점 만점에 만점! 하이엔드 제주 하갈비 제주 하갈비 야외테라스 제주 하갈비 뷰맛집 https://honest-polarbear.tistory.com/31 제주도 빛의 벙커(+할인방법, +비 오는 날 갈만한 곳) 제주도 빛의 벙커 : 반 고흐, 폴 고갱 안녕하세요 브라이트 민입니다. 제주도 빛의...",2020-09-13 00:40:00+09:00,,"제주도 하갈비 (+뷰끝판왕, +맛집! 강력 추천!!★)",http://honest-polarbear.tistory.com/24
Royal Oak,제주도 맛집 리스트 서귀포 맛집 리스트 수두리보말칼국수 주소: 제주특별자치도 서귀포시 중문동 천제연로 190 영업시간: 일요일 오전 8:00~오후 5:00 월요일 오전 8:00~오후 5:00 화요일 오전 8:00~오후 5:00 수요일 오전 8:00~오후 5:00 목요일 오전 8:00~오후 5:00 금요일 오전 8:00~오후 5:00 토요일 (광복절) 오전...,2020-08-09 18:38:00+09:00,,제주도 찐 맛집 리스트,http://royal-oak.tistory.com/534
晨夜,나온 유명 맛집을 선호하지만 알려지지 않은 곳들에도 토박이분들이 운영하는 맛과 친절과 분위기를 겸비한 곳들이 많습니다. 얼마 전에 다녀온 제주도 서귀포 맛집 화덕피자가 맛있는 이곳도 제주 토박이 분이 운영하는 곳으로 넉넉한 인심과 친절함으로 쏙 반했던 곳입니다. 가게 외관부터 넘 예뻤던 제주도 안덕 맛집...,2020-04-09 20:42:00+09:00,,제주도 서귀포 맛집 안덕 화덕피자,http://pngbig.goorumee.com/74
기며기의 일상 엿보기,맛있었습니다. 제주도 가면 꼭 먹어야 할 음식이 김만복 김밥이라고 하던데 맞는 것 같았어요. 맛도 맛이지만 정말 특이하면서 독특한 김밥이었습니다. 제주도 맛집 김만복김밥 본점 위치 : 제주 제주시 오라로 41 연락처 : 064-759-8582 운영시간: 매일 08:00 - 20:30(재료소진 시 조기마감) 멱슐랭 멱점 ※지극히 개인...,2020-09-06 19:48:00+09:00,,[제주도 맛집] 제주에서 꼭 먹어봐야할 김만복김밥 본점 후기,http://kimegi.co.kr/296
여행을 봄,"제주도 맛집 best 20 현지인 추천 맛집 직방과 제주 교차로, 각종 카페를 통해 제주도 일년살기 집을 구하다가 지인분께 부탁하였으나 마음에 드는 집을 구하지 못했다. 지난 봄에 제주도 한달살기를 했던 펜션 며느리가 부동산을 하고 계셔서 혹시나 하는 마음에 연락해보았더니 세상 반갑게 맞아주셨다. 한 달도...",2019-10-08 08:00:00+09:00,,제주도 맛집 best 20 현지인 추천,http://springaria0199.tistory.com/331
프로 맛집 탐방러(프.맛.탐),랜트한 펠리세이드가 앞에 있네요.펠리세이드를 타보고 싶어서 랜트를 하게 되었지요. 저렴하게 빌려서 너무 좋았습니다. 정갈한 반찬이 나왔습니다. 뷰맛집. 뭘 먹어도 맛있겠다 싶었습니다. 드디어 문어 덮밥이 나왔습니다. 와 !!!! 감탄을 연발하였지요. 제주도 와서 통문어가 들어가 있는 메뉴들을 골라가며 먹고...,2020-10-09 13:41:00+09:00,,제주도 평대리 내돈내산 맛집 리뷰,http://busisiqaz.tistory.com/17
조꽁의 취미집대성,"얼마전, 친구와 갔던 여행에서 저녁을 위해 현지인들 사이에서 유명한 제주도 맛집에 다녀왔어요. ​ 품질 좋은 해산물들을 푸짐한 구성으로 즐기고 왔던 곳이라 소개해드려요. ​ ​ ​ ​ 이번에 방문한 바다 풍경은 용담해안 도로가에 위치해 있어 접근성이 굉장히 좋았어요. ​ 단독 건물에 상호가 큼직하게 적혀 있어 멀리서도...",2020-07-10 07:00:00+09:00,,훌륭했던 제주도 맛집,http://x1330x.blog.me/222025899735
스푼spoon,제주도맛집 갈치구이 해원앙 제주공항근처맛집 제주공항에 도착하거나 가는길에 들리기 좋은 제주도 갈치구이는 여기로 제주도여행에서 저녁 첫끼를 해원앙이라는 곳에서 먹엇는데 그곳은 한정식과 일식을 같이 하는 맛집이었다. 자리돔물회가 자리물회라고 하네? 제주도여행에서의 첫번째 저녁 한끼를 푸짐하게 한 상...,2015-06-21 23:44:00+09:00,,제주도맛집 갈치구이 해원앙,http://ehfdlehfdk.tistory.com/221
제주 여행 맛집 전문 블로그 : 설이오빠,"제주도 맛집 현지인 추천 풍차와전복 전복감귤탕수육 제주도 서쪽 애월, 협재를 지나 차로 20분 정도 더 가면 있는 한경면 마을은 관광 명소가 많은 곳보단 한적한 분위기가 느껴지지만 신창풍차해안도로, 수월봉, 차귀도과 함께 최근 게스트하우스, 풀빌라가 하나둘씩 생기면서 시간이 흐를수록 인기가 많아지고 있다...",2020-04-24 15:14:00+09:00,,제주도 맛집 현지인 추천 풍차와전복 전복감귤탕수육,http://jjyface.tistory.com/676
온리뷰정보,많고 새로 생긴 퓨전 맛집들도 많은데요. 제주도 한달살기 할때 가던 맛집들중 사라진 집들도 있고 이제는 유명해져서 가지 않는 맛집들도 많네요. 오늘은 사심 가득한 제주도 맛집 포스팅입니다!! 아는 동생이 몇해전 제주도로 이주를 했는데 평소 손맛에 일가견이 있던 그녀는 게스트하우스 매니저를 하면서 파티...,2019-11-30 11:58:00+09:00,,더 짠내투어 제주도 떡볶이 [제주도맛집 섬떡볶이],http://www.raon.club/37
돈이 되는 이야기,언제라도 달려가고픈 곳입니다. 특히 바닷가라 횟감이 참 많은데요. 제주도에서는 객주리라고 불리우는 생선이 있는데 객주리회를 맛보러 가볼 겁니다. 제주도 횟집 맛집 현지인 추천 어느 곳인지 휘리릭 가보실게요~!! https://tv.kakao.com/v/410054386 객주리란 제주도에서 쥐치를 뜻합니다. 예전에 거제도에 가서...,2020-06-20 08:59:00+09:00,,제주도 횟집 맛집 현지인 추천 모살물,http://yleedo.tistory.com/139
귤공주의 미캉월드,​ ​ ​ 글 / 사진 by 귤공주 ​ ​ ​ 안녕 여러분! 귤이에요. 지난번 친구들이랑 갈치조림을 먹으러 제주도 맛집에 방문을 했었는데요. 지금도 계속 생각이 날 정도로 퀄리티가 뛰어나 만족스러웠던 곳이랍니다. ​ ​ ​ 저희가 방문했던 어가는 공항에서 차로 13분 거리에 위치하고 있어 접근성이 뛰어난 곳이었어요. 전용 주차장도...,2020-08-04 08:00:00+09:00,https://search1.kakaocdn.net/argon/130x130_85_c/J4D5FMmLfbr,최고였던 제주도 맛집,http://blog.naver.com/bonbon_mikan/222050584452
제주를 그리다,"곽지해수욕장 바로 앞에 위치한 임순이네 밥집입니다 ^^ 곽지해수욕장 앞쪽으로 임순이네 밥집 이정표가 보이면 그 골목길을 따라 걸어 들어가보면 제주도 몸국 맛집이 등장하는데요~? 어느 정도 입소문도 났고, 작은 식당인지라 점심때 손님이 몰리면 살짝 웨이팅이 걸리는 정도입니다 아주 살짝 ㅋ 밖에서 살짝 가을...",2020-09-14 21:53:00+09:00,https://search4.kakaocdn.net/argon/130x130_85_c/KPlUHqYq9F,"제주도 몸국 맛집, 임순이네밥집으로",http://jejusketch.tistory.com/84
GeniusJW,"안녕하세요 여러분, GeniusJW 입니다. 오늘 소개해드릴 가게는 제주도 물회 맛집 &lt;공천포식당&gt; 입니다. 제주 &lt;공천포식당&gt;은 제주도 현지 주민의 추천으로 방문하게 된 가게입니다. 제주도 공천포 식당은 차량 이용 시 인근 주차장이나 가게 앞에 주차하면 되었고, 제주도 물회 맛집답게 가게 안에는 손님이 많이...",2020-05-06 21:56:00+09:00,https://search4.kakaocdn.net/argon/130x130_85_c/C1QOz9pAfJs,제주도 현지인 물회 맛집 &#39;공천포식당&#39;,http://geniusjw.com/2097
와그잡의 트래블홀릭,제주도 맛집 리스트 제주 공항근처 베스트3 ​ ​ 이번에는 제주공항근처에 숙박을 잡다보니 자연스럽게 제주시에서 보내는 시간이 많았는데요 덕분에 오래간만에 제주시에 다양한 맛집을 돌아보았어요 ​ 오늘은 그 중 만족스러웠던 곳 위주로 저만의 제주도 맛집 리스트를 공개해봅니다. 제주도 맛집 리스트 베스트3 ​ 01...,2020-09-21 15:58:00+09:00,https://search2.kakaocdn.net/argon/130x130_85_c/BbH8lzk8cOJ,제주도 맛집 리스트 공항근처 베스트3,http://nau2001.blog.me/222095478580
리얼제주도민이야기,"제주도 맛집 : 닭 코스로 즐기기 이번에 내가 포스팅 해볼 곳은 바로 닭을 전문으로 하는 곳이다. 닭으로 먹을 수 있는 음식이 대부분 치킨, 삼계탕, 찜닭 정도로 생각할 수 있는데, 이곳에서는 닭을 코스로 먹을 수 있다. 가장 먼저 샤브샤브로 즐길 수 있는데, 닭을 샤브샤브로 즐기는게 약간은 이해가 되지 않을 수...",2019-12-08 14:55:00+09:00,https://search1.kakaocdn.net/argon/130x130_85_c/H3vikuoSg43,제주도 맛집 : 닭 코스로 즐기기,http://586hot.tistory.com/145
sweet my city,​ ​ ​ ​ 얼마전 휴가 피크철이 다가와서 친구들과 제주도에 찾아 갔어요. 특히 주변에서 추천을 받았던 제주도 맛집은 맛있는 갈치조림이 풍족하게 나와서 입맛을 되찼았던 곳이에요! 이날 저희가 찾아간 기원뚝배기는 제주 국제 평화센터 에서 차로 달려 10분이면 갈수 있어서 멀미가 올라올 틈이 없을만큼 가까웠어요...,2020-08-13 16:16:00+09:00,https://search2.kakaocdn.net/argon/130x130_85_c/L4GIveOhZMQ,배터졌던 제주도 맛집,http://blog.naver.com/ybb420/222059602511
여행을 꿈꾸는 사내,지난달 지인들이랑 제주도 투어를 다녀왔는데요 sns에서도 인기가 많은 만큼 바다향에 포옥 빠지고 왔던 제주도 맛집부터 디저트 맛난 장소를 소개해봅니다. 이번에 방문한 제주도 어가는 노형 성당에서 네비가 알려준 대로 따라가니 차로 5분 걸리는 위치에 자리하고 있었는데요 매장 앞에 있는 돌벽도 눈에 잘...,2020-09-19 06:56:00+09:00,https://search2.kakaocdn.net/argon/130x130_85_c/3zOseT6LRdM,중독이었던 제주도 맛집 리스트,http://sanaetour.com/222093578592
노을의 달달한 오후 티타임,얼마 전 제주 여행을 갔다가 친구들과 함께 제주도 맛집에 다녀왔어요. 좋은 재료를 취급하고 있어서 퀄리티가 남달랐던지라 소개해 드리려고 합니다. ​ ​ 1.제주도 색달식당 색달식당 중문본점 제주특별자치도 서귀포시 색달중앙로 23 색달식당 ​ 주소 : 제주 서귀포시 색달중앙로 23 영업시간: 매일 10:00 - 21:30 마지막...,2020-09-22 15:53:00+09:00,https://search3.kakaocdn.net/argon/130x130_85_c/GvZecWRnVKl,기억에 남는 제주도 맛집 리스트,http://dnks0206.blog.me/222096500299
인생은 길고 여행은 짧다,"제주도 맛집 베스트 모슬포 방어마을 샤브샤브 모슬포항 근처에 있는 제주도 맛집 모슬포 방어마을 샤브샤브 잘잘 특공대에 방영된 집이라고 하는데 제주도에서만 방영되는 TV프로그램인가봅니다. 들어가봤더니 꽤나 넓고 깨끗하고 좋았습니다. 저희가 먹은건 해물꽃게전복라면 1인 9,000원 생각보다 가격이 저렴합니다...",2019-12-12 09:00:00+09:00,https://search2.kakaocdn.net/argon/130x130_85_c/2GZ5E6tXfBy,제주도 맛집 베스트,http://door1990.tistory.com/174
뱀과토끼의제주여행,"식당들은 비싸긴 합니다 하지만 구석구석에 싸고 맛있는 로컬식당들이 엄청 많지 말입니다 ​ 그래서~! 이번 포스팅은 제가 자주가는 서부권의 싸고 맛있는 제주도 맛집 베스트를 소개해 봅니다 ​ 1. 바다사랑채 - 메뉴: 고등어구이, 고등어조림, 갈치구이 등 - 영업시간: 9시~22시 (화요일 휴무) - 위치: 이호테우해수욕장...",2020-09-13 10:13:00+09:00,https://search3.kakaocdn.net/argon/130x130_85_c/B9w5FG4k9ks,서부권 제주도 맛집 베스트를 풀어봅니다,http://blog.naver.com/lightairs/222088076330
제주하도 & 상상마켓,"자유를꿈꾸는신혁 #신혁의또다른세상 #신혁의제주하도 #신혁의상상마켓 ​ 간만에 아주 아주 유명한 제주도 시내 맛집을 소개시켜드리겠습니다. 워낙에 유명한 맛집이다보니 원래 따로 소개를 안해도 될 정도의 맛집... 회가 맛있는 제주도 맛집!!! 이곳을 소개시켜드리는 이유! 첫 번째, 맛이 있다. 두 번째, 양이 많다...",2020-09-22 11:01:00+09:00,https://search4.kakaocdn.net/argon/130x130_85_c/5WnIiELZzRZ,제주도 맛집 - 금복촌,http://blog.naver.com/leebyoungsub/222096212277
하루하루 :-),옥돔구이도 맛있습니다 !! 원래는 데미안 돈까스가 제주도에서 최고 맛집이었는데 데미안을 넘어선 최고최고 맛집이였어요 데미안은 돈까스라 어르신 모시기 힘들고 여기가 정말 딱이었어요 같이 가신 어머니도 너무 좋아하시고 . 여태까지 제주도에서 먹은 음식중 탑입니다 제일 맛있습니다!!!! 데미안돈까스는 여기...,2020-06-21 09:40:00+09:00,https://search1.kakaocdn.net/argon/130x130_85_c/AenOk7F770x,제주도 최고맛집!!! 그린정 옥돔구이 추천!!!,http://haru-haha.tistory.com/78
강아지씨와 주인씨의 좌충우돌 일상타파,내가 사먹은&#34; 내돈내산 리뷰입니다. 갈 때마다 기분 좋아지는 멋진 곳이기에 더 많은 분께 사랑받는 곳이 되길 바라며 정성스레 리뷰를 합니다. 제주도 아이스크림 맛집 제주 어니스트밀크 ​ 송아지 우유 주기 무료 체험과 제주 최고의 아이스크림이 있는 신선한 아이스크림 맛집 제주 어니스트밀크 ​ 아이들이 참...,2020-09-29 22:03:00+09:00,https://search1.kakaocdn.net/argon/130x130_85_c/DLbOBqGGc93,제주도 아이스크림 맛집 어니스트밀크,http://blog.naver.com/kyunddo/222103254678
벨루가 40도,지도를 살펴보거나 운전경로 정보를 검색합니다. www.google.com 스쿠터 여행 중 스쿠터를 정차시키고 제주도 흑돼지 맛집 엠제이 돼지을 찾아서 나섰어요!! 스쿠터 여행을 하니까 좁은 골목을 쉽게 갈 수 있어서 너무 좋네요!! 제주도 흑돼지 맛집 엠제이 돼지에 도착하자마자 바로 급하게 주문을 하느라 메뉴판과 가게...,2020-05-22 05:35:00+09:00,https://search1.kakaocdn.net/argon/130x130_85_c/AXU8ZhF9uof,제주도 로컬 맛집!! 엠제이돼지!! MJ돼지!!,http://hofu.tistory.com/271
몽키의 여행수다,지난 주말 친구들이랑 여행을 갔을 때 미리 예약해두었던 제주도 맛집을 다녀왔어요. 현지에서 인지도가 높은 만큼 갈치조림의 맛이 상타쳤고 고급진 분위기도 마음에 들었던 곳이랍니다ㅋㅋㅋ ​ ​ 저희가 방문했던 어가는 민속시장에서 차로 10분 밖에 걸리지 않았는데요. ​ 대로변에 위치해 있어 간판이 멀리서도 보여...,2020-07-19 08:00:00+09:00,https://search2.kakaocdn.net/argon/130x130_85_c/4en0E468Zl9,탑이었던 제주도 맛집,http://blog.naver.com/monkey_dream/222034742811
[근육요정 알프],"것이 바로 맛집여행! 지난주에 가을이 시작되는 제주도 여행을 다녀왔는데요. 제주도 여행에 빠질 수 없는 횟집, 흑돼지, 갈치 등 소문난 맛집들을 다녀왔습니다. 직접 가본 제주도 맛집 리스트 5곳을 소개해드립니다. 1. 해송(海松) 서귀포시 이어도로 200-7 해송은 서귀포 바닷가 바로 앞에 위치한 경치맛집이에요...",2020-09-27 16:14:00+09:00,https://search4.kakaocdn.net/argon/130x130_85_c/HJnaaoBWRjU,직접가본 제주도 맛집 리스트 베스트5,http://nicenet.blog.me/222101003426
smpaydp,다 이유가 있더라니깐요~ㅎ 아이들이 있어서 까다롭게 여러가지로 추가했는데도 완전 친절히 다 알아봐 주시더라구요! 엄지척! 제주도 맛집 리스트 까지 척척 보내주셨어요~~ 제주도 맛집 리스트 까지 아낌없이 알려주시고 굳굳 저는 그냥 어디에서 어디 이렇게 동선지만 짜주는줄 알았는데 시간부터 체험거리까지 완전...,2019-01-30 17:41:00+09:00,https://search3.kakaocdn.net/argon/130x130_85_c/8t7LBXJ5Grg,제주도 맛집 리스트 이것만 기억해!,http://smpaydp.tistory.com/8
잠만보 다이어리,맛집 데미안 제주도맛집 데미안 안으로 들어가면 넓은 정원이 자리하고 있다. 테이블도 몇개 있던데 날이 좋으면 야외에서도 먹을 수 있는 건가? ​ ​ ​ ​ 제주도맛집 데미안 내부는 테이블 4개로 약간은 협소하다. 제주도맛집 데미안 메뉴는 돈까스 정식 하나이다. 정식 2개 주문했다. ​ ​ ​ 제주도맛집 데미안 제일 먼저 전복...,2020-09-03 14:28:00+09:00,https://search1.kakaocdn.net/argon/130x130_85_c/7SwybQ76ZU5,제주도맛집 데미안,http://blog.naver.com/aboutyeong/222079194481
공간을 공유하는 감성,"제주도 맛집! 옥돔구이와 전복뚝배기가 일품인 삼보식당 오늘 포스팅은 사진이 너무 안좋아 할까 말까 고민 한 삼보식당 입니다. 사진은 좋지 않지만, 이웃분들께 꼭 추천해 드리고 싶은 곳이기에 용기있게 합니다...ㅎ 제주도에 가면 꼭 먹고 싶은 음식들이 있었습니다. 땅콩아이스크림, 전복뚝배기, 옥둠구이, 물회...",2012-09-24 09:44:00+09:00,https://search2.kakaocdn.net/argon/130x130_85_c/JKPb7IVfi8f,제주도 맛집! 옥돔구이가 맛있는 삼보식당,http://rokmc1062.tistory.com/643
라이프 궁디방디,"안에서 식사할곳을 이곳저곳 생각하고 있었습니다. 이왕가는거 제주에서만 맛 볼수 있는 식당을 가는게 좋을것 같았습니다.그래서 예전 제주도 여행때 무척 맛있게 먹었던 제주도 맛집 제주예찬을 방문했습니다. 도착해서 비가 부슬부슬 오는데 , 날씨도 좀 쌀쌀하고 따듯한 국물이 먹고싶었던 지라 , 그날 다녀 왔었던...",2020-03-30 10:47:00+09:00,https://search1.kakaocdn.net/argon/130x130_85_c/3ltOsrKCJ9t,제주도 맛집 여기 가봤어?,http://dbs12322.tistory.com/45
씨케이의 데일리로그,"흑돼지와 해산물이 만드는 특색 넘치는 궁합 지난 번 여행을 갔을 때, 이름난 제주도 맛집도 들르는 것으로 동선을 잡았습니다. 육즙이 풍부한 흑돼지뿐만 아니라 해산물 그리고 고사리, 파무침, 김치를 다 같이 먹을수 있어서 든든하게 식사를 할 수 있었던 곳이에요. ​ 저를 이웃으로 추가하시면 포스팅을 바로 받아볼...",2020-08-24 12:00:00+09:00,,고소했던 제주도 맛집,http://blog.naver.com/celinicious/222066411439
여행을 봄,제주도 흑돼지 맛집 바나나 삼겹살 제주에서 먹는 삼겹살은 대부분 맛있다. 흑돼지가 아니더라도 맛있고 냉동이더라도 맛있고 대패삼겹살이라도 맛있다. 뭐 제주 뿐만 아니라 어디서 먹든 삼겹살은 진짜 맛있다. 중문에서 먹었던 딱 그곳만 빼고. 제주 흑돼지 가격은 1인분 200g에 18000원인 곳이 대부분이고 백돼지는...,2020-04-23 18:54:00+09:00,,제주도 흑돼지 맛집 바나나 삼겹살,http://springaria0199.tistory.com/414
MarcuStory,티를 너무 내서 기분 상함). 아무튼 오늘 소개하고 싶은 제주 해장국 맛집은 꼴두바위이다. 제주 공항에서 가까워 우연히 찾아 갔다가 발견하게 된 제주도 해장국맛집이다. 언제인지 정확히 기억은 안나지만 한라산 등산을 하고 공항 근처에서 하루밤 잤다. 다음날 오전 비행기로 돌아오는 일정이었다. 하산을 하고 일행...,2020-10-10 08:34:00+09:00,,0.1%만 아는 제주도 해장국 맛집,http://marcustory.tistory.com/51
양파콩이,제주도라고 생각�� 9191day.tistory.com [제주도 맛집] 우진해장국 [제주도 맛집] 우진해장국 전화번호: 064-757-3393 제주 제주시 서사로 11 지번: 삼도2동 831 제주도에 도착한 후 제일 먼저 간 맛집 &#39;우진 해장국&#39; 1시쯤 도착한 것 같은데 생각보다 사람이 많아서 놀랐다ㅎㄷㄷ 근처 편의점 갔� 9191day.tistory.com,2020-05-20 00:50:00+09:00,,[제주도 맛집] 정희네 해물탕,http://9191day.tistory.com/78
고주린의 주주생활,세트를 주문했어요. 세트에 포함된 고로케를 다 먹어버리고... 다음 메뉴에 집중합니다. 제주도 여행하다 보면 맛집이 너무 많이 살쪄요. ㅠ.ㅠ 바로 흑돼지덮밥입니다. 매운 불맛과 갈비 불맛 중에 선택할 수 있는데 역시나 갈비 불맛을 선택! 불맛의 비주얼이 느껴지시나요? 제주 흑돼지는 말해뭐해! 하지만 양은...,2020-04-07 10:21:00+09:00,,제주도 구좌읍 맛집 요레 덮밥과 장육탕면 흡입,http://malrangis.tistory.com/20
인생은 길고 여행은 짧다,"제주도 맛집 추천 키다리아저씨 제주도 맛집 키다리아저씨 롤롤 짜장면, 백짬뽕, 돈가스가 유명한 이곳은 우도 천진항에서 우도봉으로 가는 중간에 위치해 있습니다. 옵데광~ 와수강~ 점심시간에 맞춰서 가니 사람이 정말 많았습니다. 키다리아저씨 가게 맞은편에 있는 생면실 백짬뽕, 롤롤 짜장면에 사용하는 면을 직접...",2019-12-10 09:00:00+09:00,,제주도 맛집 추천,http://door1990.tistory.com/172
꿀떠남의 블로그,"필수요건 중 하나입니다. 따라서 반드시 맛집 리스트를 작성 후 꼭 방문해보시길 바랍니다! 안녕하세요 꿀 떠먹여 주는 남자 꿀 떠 남입니다. 오늘은 &#39;제주도 맛집 Best 4&#39;에 대해 포스팅을 해보려고 합니다. 1. 미영이네 식당 제주도의 유명한 항구로는 &#39;모슬포항&#39;이 있는데요, 그 항구 바로 앞에 고등어 회로 유명한...",2020-05-06 22:02:00+09:00,,제주도 맛집 Best 4 알아봅시다,http://happytravel1221.tistory.com/104
반짝★,얼마전 연휴때 가족들과 제주도 여행을 갔다가 제주도 맛집에 다녀왔어요. 한국 토종품종소인 흑우를 가심비 좋게 즐겼던 곳이라 소개해드리려고 해요. ​ 1. 제주도 흑소랑 제주중앙여자고등학교 제주특별자치도 제주시 이도이동 1988-1 주소 : 제주특별자치도 제주시 연북로 631번지 1층 흑소랑 전화번호 : 064-726-9966...,2020-10-08 16:17:00+09:00,,원조 제주도 맛집,http://blog.naver.com/yoo_h_byul/222110309942
세모  (세상의 모든 정보),6.3키로안에 있습니다. 주변 맛집 주변 먹거리는 두번째 숙소글에 청수리가 저지리와 경계선에 있어서 맛집이 동일 하니 청수리 어머니의 집 제주도 숙박의 맛집을 참고하세요^^ 글을 마치며. 제가 좋아하는 제주도 숙소 세 곳을 추천해드렸는데요! 숙소를 고르시는데 도움이 되었다면 좋겠네요이 곳들은 저의 개인적인...,2020-10-12 23:03:00+09:00,,제주도 숙박과 여행 맛집 총정리,http://pupu07.tistory.com/186
jhyung37님의블로그,모임은 연기 또는 취소하며 반드시 마스크착용 하고 가리두기 2단계를 시천하여 주시기를 바래고 있읍니다. 혹 제주도 여행을 하시면 색달식당 중문본점 제주도맛집을 찾아가시면 즐거운 시간과 보람된 추억을 남기리라 봄니다. 몇일후면 대명절 추석을 맞는데 활기차고 보람된 일과를 보내며 건강과 가정의 행복을 기원...,2020-09-20 21:28:00+09:00,,색달식당 중문본점 제주도맛집,http://blog.naver.com/jhyung37/222094791160
별똥별,"제주도는 근단위로 판매를 해와서 아예 근고기라는 메뉴가 자리잡혔나봐요. 근고기의 장점은 두껍기 때문에 육즙 가득한 고기를 맛볼 수 있습니다. 제주도 맛집 함덕 깡촌흑돼지에서 근고기를 시키니 이렇게 굵은 소금, 고추가 올라간 채 서빙되었습니다. 삼겹살집에서 고추가 올라간 것은 처음봐서 많이 생소했어요...",2020-10-07 19:51:00+09:00,,[제주도 맛집] 함덕해수욕장 / 제주 함덕 깡촌흑돼지 솔직 리뷰,http://shootinginfi.tistory.com/32
성게가 사는 세상,지난 주말 친구들과 제주도로 여행을 다녀왔다. 친구가 미리 알아본 제주도 맛집이 있어서 다녀왔다. 신선함이 가득한 해산물을 실컷 먹고 올 수 있어서 꽤 만족스러웠다. ​ ​ 협재해수욕장에서 차로 2분거리에 있었던 안녕협재씨는 비양도가 바로 보이는 바닷가 근처에 위치해 있었다. 식당이라고 하기에는 너무 예뻐...,2020-06-11 06:50:00+09:00,,산뜻했던 제주도 맛집,http://blog.naver.com/yoon_shye/221996367869
편안하고'安' 밝은'昶' 안창의 제주,힐링을 위해 지난주 친구와 반차를 쓰고 성산 제주도 맛집에 점심을 먹으러 다녀왔어요. 신선한 활랍스터를 취급하는 곳인데 뷰와 인테리어까지 맘에 들어 기억에 남네요. ​ ​ ​ 이날 찾아간 코코마마는 성산일출봉 주차장 바로 앞이라 입구에서 1분만에 도착할 수 있었어요. 영업시간도 오전 10시부터 오후 10...,2020-06-07 19:40:00+09:00,,요건 제주도 맛집,http://changhyunoi.blog.me/221993100404
내가 만드는 일상,제주도 맛집 우도 하하호호 수제버거는 꼭 먹고 오고 싶은 메뉴 중 하나. 몇년전 이제는 기억도 가물해지려 하는 딸래미와의 제주도 올레길 트레킹 추억 속에 있는 이야기 우도 하하호호 매장 앞에 있던 작은 나무의자 배 시간을 맞추기 위해 아련하게 해안가에 놓여 있는 나무의자를 보면서 다음에 오면 꼭 들려봐야지...,2020-08-21 23:49:00+09:00,,제주도 맛집 우도 수제버거 빼면 섭하지,http://blog.naver.com/youliyan/222067313745
갬성매니아,버렵습니다 음 비주얼은 머 나름 괜찮습니다 맛은 굿잡 역시 허름한 가게는 맛없는집이 없는거 같습니다 허름하다는 이유로..안가시면 후회하십니다 제주도 맛집 할만하네요 주물럭 하고는 정말좋아해서 정말 맛잇게 잘먹엇습니다 마지막으로 볶음밥 저는 육식동물이면서도 식후는 볶음밥인데요 볶음밥 매니아 입니다...,2020-10-13 23:33:00+09:00,,제주도 맛집 태광식당,http://tndnd12.tistory.com/23
행남이의 공유세상,광치기해변 - 섭지코지 - 올레시장 - 쇠소깍 - 용머리해안 - 송악산 이정도 다녀온 것 같습니다 !! 정말 간 곳중에서 후회한 곳은 단 한 군데도 없습니다. 제주도는 정말 좋은 곳이 많은 것 같습니다!! - 맛집을 소개해 드리겠습니다 - 사진을 잘 못찍었지만... 그 유명한 오는정김밥 입니다. 직접 가셔서 예약하시고...,2020-04-13 18:39:00+09:00,,"제주도 명소, 맛집, 볼거리 추천합니다. -필독-",http://happynam2.tistory.com/22
백마탄 환자,제주도 맛집 여기로 가면 실패없어요 안녕하세요. 날 좋은 요즘 좋은 곳으로 여행을 떠나시는 분들이 많으시죠? 놀러 다니는 이유는 여러 가지 있겠지만요. 결국은 경치 좋은 곳에서 깨끗한 공기를 마시며 맛있는 걸 먹으면서 힐링하고자 하는 마음으로 가는 게 아닌가 싶어요. 일상을 벗어나서 즐기는 것도 좋지만요...,2019-06-21 16:12:00+09:00,,제주도맛집 실패없는 이곳!,http://baegma.tistory.com/18
Off You,​ ​ 몇주 전 친구들과 함께 제주 먹방 여행을 다녀왔는데요. 이곳저곳을 누비며 배터지게 먹고 온 제주도 맛집들을 순위별로 정리해서 소개해볼까합니다. 기원은갈치 제주특별자치도 서귀포시 색달동 2277-3 주소 : 제주 서귀포시 색달중앙로 22 ​ ​ ​ ​ 1. 제주도 갈치요리 전문점 기원은갈치 ​ ​ 가장 먼저 소개할 곳은 기원...,2020-10-03 16:30:00+09:00,,못 잃을 제주도 맛집 리스트,http://blog.naver.com/sunmin8877/222105721604
방금 전,"제주도 현지 맛집 추천 제주도 산방식당 밀면, 수육 솔직후기 안녕하세요. 제주도로 신혼여행 다녀와서 후기를 하나씩 올리고 있습니다. 제주도 여행 가시는 분들은, 제 블로그 20&#39;제주도 카테고리를 참고해주세요. 제주도 밀면 맛집 제주도 대정읍 맛집 산방식당에 다녀왔습니다. 휴무날에 갔다가, 근처 홍성방에서 밥...",2020-06-24 14:32:00+09:00,,제주도 현지인 맛집 산방식당 밀면 드디어 먹어보다,http://cinmunya.tistory.com/788
휘게라이프,"싶은 제주의 맛! 제주도 현지 주민들도 줄 서서 먹는 맛집으로 누구와 함께 방문해도 실패 없는 제주도 맛집 지도 5곳을 소개해드리겠습니다. 1. 오쿠다 제주도 맛집 전복을 먹다 오쿠다. 제주 전복 전문점으로 전복 돌솥밥, 전복 뚝배기 등 다양한 전복요리를 즐길 수 있는 곳! 화려하진 않지만 아담하고 건강한 맛으로...",2020-08-12 09:09:00+09:00,,현지인도 줄서서 먹는 찐 제주도 맛집 추천 5,http://fefehehe.tistory.com/125
JINing_dailylog,들려서 밥 먹으면 좋을거 같아요~ ​ 2번 방문한 JINing 제주 추천 맛집💛 ​ #내돈내산후기 #내돈주고먹은후기 #제주찐맛집 #제주도맛집 #제주공항근처맛집 #갈치조림 #전복물회 #제주도갈치조림맛집 #제주여행 #제주여행1일차 #제주도맛집추천 #제주도물회 #제주공항근처맛집 #제주맛집추천 #서이추환영 #댓글 #공감 #내돈내산,2020-09-03 16:07:00+09:00,,제주도 맛집_논짓물,http://blog.naver.com/yeojinm715/222079291763
공감동감* ,통해 제주도 맛집들을 찾아가 봤는데요~ 맛집이라고 소문난 곳들은 줄이 길어서 고생 좀 했답니다ㅜ.ㅜ 제주도에서 그래도 괜찮은 한끼식사라고 느껴졌던 제주도 맛집 총정리. 제주여행 가시는 분들께 도움이 되길 바라며! 제주도 맛집 총정리 들어갑니다~~ 무려 1시간이나 기다리고 먹은 제주도 맛집 총정리 1편!ㅠㅠ...,2014-08-20 18:45:00+09:00,,제주도 맛집 총정리!!★,http://enter367.tistory.com/129
써니의 일상 리뷰:),"하네요 ㅎ 고기 말고도 흑돼지김치찌개, 된장찌개, 탄산수 등갈비도 팔고 있어요 ㅎㅎ 고기 주문하면 저기서 직접 초벌해서 가져다 주십니다 여기 제주도 서귀포맛집에서는 직접 하나하나 굽지 않아도 되서 너무 편하고 좋았어요. 고기 굽는동안 밑반찬을 깔아주시는데, 밑반찬 종류도 어마어마 해요! 우선 잡채 양배추...",2020-06-24 11:31:00+09:00,,제주도 서귀포 맛집 흑돼지바베큐,http://luxurymbeauty.tistory.com/156
ʕᵔᴥᵔʔ enjoy my life ღ,​ 얼마전 섭지코지에 들렀다가 제주도 성산 맛집에서 맛있는 한끼 식사를 하고 왔어요. 향토음식 전문점으로 한식을 선호하는 사람들에게 안성맞춤인 식당이었답니다. ​ ​ 이날 다녀온 고등어쌈밥집은 주요 명소인 성산일출봉이나 섭지코지에서 10분거리인 가까운 곳에 위치해 있었어요. 대도로변에 커다란 입간판이 세워져...,2020-10-07 15:38:00+09:00,,집밥같은 제주도 성산 맛집,http://blog.naver.com/dbfl8103/222109293228
디제이의 잇슈,제주도 함덕 맛집 추천 1. 동카름 첫 번 째로 소개해 드릴 제주도 함덕 맛집은 &#39;동카름&#39; 입니다. 아름다운 바다경치를 감상하면서 식사를 즐길 수 있는 곳으로 쌀밥에 비벼먹는 낚지 볶음이 꿀맛입니다. 제주도 함덕 맛집 동카름 주소 : 제주 제주시 조천읍 신천9길 40-3 전화번호 : 064-784-6939 영업시간 : 11:00...,2020-01-31 19:00:00+09:00,,제주도 함덕 맛집 추천 Best7,http://kimdj1989.kr/366
라붐이의 하루일기,"ㅠㅠ 그래서 조목조목 잘 따져보아서 나한테 맞는 최고의 흑돼지를 잘 찾아보시길 바랄게요! 맛있는 고기가 있는 서귀포 맛집! 까망돼지는 제주도 서귀포에서는 맛있는 맛집으로서 제주도 흑돼지와 오겹살, 목살을 먹을 수 있고, 정량의 고기만을 반드시 제공하는 곳인데요 ​ 양에 대한 의심은 안 해도 될 것 같습니다...",2020-09-08 00:44:00+09:00,,제주도맛집 흑돼지 까망돼지 안녕안녕,http://laboum1866.tistory.com/44
맛집 여행,"맛있어할만한 표준의 맛이라면, 그 최정점에 서 있다고 해야 할까요? 양념맛이 크게 자극적이지는 않지만, 그렇다고 슴슴하지도 않고, 그냥 맛있어요. 웨이팅이 길지만, 제주에서 갈치조림 맛집을 찾는다면 한번쯤은 들러봐야 할 곳이 이곳이 아닌가 싶네요. 맛있게 잘 먹고 갑니다. 제주 갈치조림 맛집 제주도 맛나식당",2020-09-30 15:47:00+09:00,,제주 갈치조림 맛집 제주도 맛나식당,http://tripgamemoney.tistory.com/187
길 위에서 나를 느끼다,요즘 유독 더위에 지쳐서 그런지 입맛도 없고 기력이 없었습니다. 그래서 안되겠다 싶어서 몸보신을 해보자는 생각으로 후기를 보고 찾아갔던 제주도 맛집 추천이 있는데요. ​ 오늘은 그곳에 대한 후기를 남겨드릴까합니다. 바로 그곳의 이름은 ‘돈대장’ !!! ​ ​ 제가 돈대장에서 먹었던 1인분에 26000원인 돈대장...,2020-07-27 19:37:00+09:00,,제주도 맛집 돈대장 추천 꾹!,http://blog.naver.com/mcryong/222043386651
박마름의 좋은인연 되는곳..,"제일먼저 썼어여했는데, 이번 제주 여행에서 가장 맛있었던 곳이라서 마지막에 소개해드리는곳인데요. 제가 검색해서 다녀온 식당들중에서 제일 맛있었던 제주도 맛집을 소개해볼까해요. 웨이팅이 1시간으로 너~무 길어서 일정도 차질이생기고 힘들긴 했지만 기다림을 다 잊게할만한 만족했던 곳이랍니다. ​ 저희부부가...",2020-07-30 17:38:00+09:00,,내심장쿵친 제주도 맛집！,http://blog.naver.com/9199seok/222046419638
거제도 맛집 혀니,혀니 ​ 안녕하세요 맛집블로거 혀니입니다. ​ 오늘은 저번 달에 다녀왔었던 제주 1박 2일 먹방 여행다녀왔었던 음식점과 카페 중에서 괜찮았던 곳만 뽑아서 제주도 맛집 리스트 정리해서 알려드리니 다가오는 성수기 시즌 제주에 갈 일이 있으신 분들 참고해 주세요. ​ 에스프레소 라운지 ​ 먼저 도민들이 많이 가는 장소로...,2020-07-23 01:28:00+09:00,,끝장나는 제주도 맛집 리스트,http://blog.naver.com/obh1680/222038894461
지극히 평범한 남자의 일상,[청주]촌놈인 지평남이 추천하는 제주도 맛집 리스트!~~ 안녕하세요!!!지극히 평범한 남자!~ 지평남 인사드립니다!!ㅎㅎ 지평남은 제주도를 자주 다녀왔는데요!ㅎㅎ 제주도에 친구가 조금 있어 1년에 2~3회는 가는듯합니다!!ㅋㅋ 그래서 오늘은 제주도 맛집 몇곳을 추천드릴까합니다!!!ㅋㅋㅋ (밖에 못돌아다녀서 올릴...,2020-04-04 17:38:00+09:00,https://search2.kakaocdn.net/argon/130x130_85_c/CFwTfXhDU6g,[제주도]촌놈 지평남이 알려주는 제주도 맛집 리스트!!!ㅋㅋ,http://extremely-everyguy.tistory.com/42
하루하루,안녕하세요 오늘은 제가 몇 달 전에 다녀온 제주도 맛집 리뷰를 해보려 합니다!! 진짜 진짜 제주도 맛집!!! 성원 식당에 왔습니다. 제주도 오면 꼭 들리는 맛집이에요💕 메뉴판이에요! 해물탕 세트 2 인하고 갈치조림 2인으로 시켰어요ㅠㅠ 갈치조림 진짜 정말 맛있어요.. 이 얘기는 밑에 갈치조림 사진 보면서 말할게요...,2020-07-06 16:11:00+09:00,https://search2.kakaocdn.net/argon/130x130_85_c/7LvfU4D6mN0,성원 식당 - 제주도 맛집,http://jimhanaa.tistory.com/12
디지의다락방,"그리멀지 않은곳이라 렌트차를 인수받고 바로 가니 10분 정도도 안걸리는 곳에 위치해 있더라구요 동도원 제주특별자치도 제주시 연동 260-14 064-747-9996 제주도 맛집 동도원의 메뉴는 따로 없더라구요 그냥 정식 (2인이상) 1인 \ 13,000 고등어조림 + 옥돔구이 + 해물뚝배기 기본제공 ( 정식은 인원수대로 가능합니다...",2017-08-10 11:31:00+09:00,https://search4.kakaocdn.net/argon/130x130_85_c/FNlFcFFpeb0,제주도가면 가봐야할 제주도맛집 먹거리들,http://qtdizzy.tistory.com/319
놀고 먹는 윤자매,놓였는데요. 전복부터 문어까지 수산물들이 많더라고요. 관리가 잘 되고 있는 지 물때 하나 없는 것보고 놀라웠고 청결하다는 생각이 들었어요. ​ ​ 제주도 맛집 내부로 들어가자마자 유명인들의 싸인을 볼 수 있었어요. 특이했던 점은 유명인들 싸인 사이에 일반인들도 흔적을 남길 수 있게 해놓으셔서 색다른 느낌...,2020-06-05 23:15:00+09:00,https://search1.kakaocdn.net/argon/130x130_85_c/BUzJoKS8rCy,다채로운 제주도 맛집,http://blog.naver.com/ss0992a/221991480893
BONO👀,제주도에 오면 꼭!! 여기 맛집을 다들 찾는다고 하네요~~^^ 바로 흑돼지 고깃집 입니다 .크크 제주도 서귀포 맛집 하면 화고 입니다 크크 최고의 음식으로만 사용하신다고 해요 ~ 일단 저도 맛집 탐방을 하러 다시는 사람으로서 제주 신시가지 맛집을 찾다가 보니 화고라는 주 관심사 흑돼지 고깃집을 알게 되었어요...,2020-09-27 11:48:00+09:00,https://search1.kakaocdn.net/argon/130x130_85_c/EN9aJ94QUbh,제주도 화고 맛집,http://bouo.tistory.com/19
제주도신혼부부일상,"제주도 온지 4년 만에 동내에 숨어있는 맛집을 하나 알게 됐습니다. 이미 제주도 거주하는 분들이나 관광하면서 맛집 검색을 해보신 분들은 다 아실 겁니다. 제주도 전복 뚝배기에 대해서요. 이미 많은 쇼 프로그램에서 제주도 여행 편에서 소개가 됐던지라 전복뚝배기, 전복돌솥밥 등등 전복이 들어간 음식점이 많이...",2019-11-10 15:32:00+09:00,https://search4.kakaocdn.net/argon/130x130_85_c/BrOjG2fbeel,[제주도로컬맛집] 한라전복,http://jejusurfing.tistory.com/13
달콤라나의 일상,​ ​ ​ ​ 안녕하세요 달콤라나입니다. 저는 오늘 제주도에 한번 쯤 와보셨던 분이라면 다 아시는 제주도맛집 고집돌우럭 다녀왔어요. 저는 이번에 첫 방문이라 기대가 되더라구요 고집돌우럭은 제주공항점 함덕점 중문점 이 세곳이 있는데 중문점이 제일 가까워서 이 곳으로 방문! ​ ​ 고집돌우럭 제주도맛집 제주도맛집추천...,2020-09-11 20:54:00+09:00,https://search3.kakaocdn.net/argon/130x130_85_c/4JLmZj7vDWM,제주도맛집추천 고집돌우럭 다녀왔어요,http://pinkyshuuu.blog.me/222086975718
ᒪIᐯE ᕼᗩᑭᑭIᒪY,#제주공항밥집 #제주공항근처밥집 #제주도밥집 #제주도 #제주 #제주도여행 #제주여행 #제주도맛집 #제주도가볼만한곳 #제주시장 #제주도시장 #제주도맛집 #제주맛집 #제주양식 #먹거리천국 #제주파스타맛집 #제주필라프맛집 #제주도시청맛집 #제주도아라동맛집 #제주아라이동맛집 #제주도고급레스토랑 #제주도레스토랑...,2020-03-11 00:46:00+09:00,https://search1.kakaocdn.net/argon/130x130_85_c/EstZGulURaa,제주도 맛집 :: 더스푼,http://blog.naver.com/i041327/221847556185
씨케이의 데일리로그,"얼마 전 동생이랑 친구랑 호캉스 하러 갔다가 제주도 맛집에서 갈치조림을 먹고 왔어요. 어머니의 손맛처럼 정성이 가득한 메인요리는 물론, 밑반찬까지 다채롭게 나와서 기억에 남았던 곳이라 포스팅으로 가져왔습니다. ​ 저를 이웃으로 추가하시면 포스팅을 바로 받아볼 수 있어요~ ​ 저희가 방문한 기원뚝배기는 새벽...",2020-07-03 10:30:00+09:00,https://search4.kakaocdn.net/argon/130x130_85_c/FjhnGHYvqk8,손맛 좋았던 제주도 맛집,http://blog.naver.com/celinicious/222019504372
지성이요,제주도 맛집 벵디.. 여긴 제주도에서 먹은 식당중 기억에 남는 식당이다.. 유명하다고 한다.. 찾아보니 인터넷에서도 유명맛집인가보다.. 아마 바다 전망이라서 더욱 그런거 같다.. 식사중 혼자오신분들 커플이신분들 바다가 보이는 창가쪽에 앉아서 식사하더라.. 주차장도 넓어 주차걱정은 없을듯 하다.. 우리는 돌문어...,2020-05-06 22:01:00+09:00,https://search4.kakaocdn.net/argon/130x130_85_c/E0rLHrztHS,제주도 맛집 구좌읍 벵디,http://rain1987.tistory.com/13
차박사와함께,"봤던 맛이고, 고기 국수는 처음 맛보는 색다른 맛입니다. 국수 위엔 돔베 고기가 올라가 있어요! 고기가 야들야들하고 정말 맛있었어요! ​ 제주 여행 중 제주도 맛집을 찾고 있다면 주저 없이 가시아방에서 고기 국수를 먹어보라고 꼭 추천하고 싶어요! 다음으로 소개해드릴 제주도 맛집은 동문 야시장입니다. ㅎㅎ 맛집...",2020-09-20 06:01:00+09:00,https://search3.kakaocdn.net/argon/130x130_85_c/6Ndkk5DgtLd,꼭 가야 하는 제주도 맛집 리스트,http://blog.naver.com/pjhnemo0319/222094290735
KosscrapbooK & Happyjun,"서귀포 도가촌 서귀포시 제주도민 맛집으로 알려진 도가촌입니다. 가성비 좋고, 푸짐한 양, 맛 또한 일품인 흑돼지 구이를 원하신다면 추천드리는 곳으로 제주도 서귀포 방문시 무조건 가야하는 맛집인 것 같다고 말씀드리며 시작하겠습니다. ^.^ ||| 외관 도가촌 도가촌은 주택가 건물 1층에 위치해있었습니다. 지도는...",2020-08-23 10:34:00+09:00,https://search2.kakaocdn.net/argon/130x130_85_c/4Cz0NCr5Ezl,서귀포 도가촌 (흑돼지 제주도 맛집 리스트 업 / 제주도민 맛집),http://kosscrapbook.tistory.com/470
"나와 떠나는 여행, 당신과 나누는 취향","바라보는 오션뷰였다. 서울과는 다르게 제주도에서만 경험할 수 있는 풍경을 1순위로 생각했었고, 그렇기에 여행 초반에는 바닷가쪽으로 돌면서 이런 제주도 맛집들을 많이 찾아다녔다. ​ 그렇게 바닷가의 공간들을 많이 보다보니 이제는 다른 곳도 가봐야겠다는 생각이 들어서 시내쪽의 제주도 맛집들을 찾게 되었다...",2020-05-02 08:00:00+09:00,https://search2.kakaocdn.net/argon/130x130_85_c/KIiAwbsn4xm,제주도 맛집 | 브런치 카페 송키,http://blog.naver.com/ungsblue/221940893986
여행은 휠링이다,제주도라고 다 음식값이 비싸다라는 편견을 없애는 제주도 맛집이 있어 소개합니다. 예전에는 제주도민들의 추억의 맛집이라고 하면 지금은 제주도를 찾는 여행객들의 알뜰한 맛집 코스이기도 합니다. 가격도 가격이고 맛도 있고 무엇보다도 양이 푸짐해 한끼 식사로 정말 손색이 없는 그런 곳이지요. 이곳의 메뉴는...,2020-10-05 10:19:00+09:00,https://search3.kakaocdn.net/argon/130x130_85_c/7VPUKpl5sWu,"모든 메뉴가 단돈 5,000원인 제주도 맛집",http://mjroad.com/861
기록장,안녕하세요 쿠밥입니다😊 오늘 소개할 맛집은 제주도 동쪽에 위치한 &#34;평대앓이&#34; 입니다 !! 아마도 동쪽에 맛집을 검색하시면 많이 나오는 맛집 중 하나에요 저도 블로그 후기들을 보고 찾아간 맛집입니다 맛 ★★★★☆ 주자창 있음 웨이팅 예상 평대앓이는 가게 앞에 주차장이 있어서 주차하기 편했어요 아래 사진은...,2020-09-30 03:47:00+09:00,https://search4.kakaocdn.net/argon/130x130_85_c/Is0XBoVOV5j,제주도 동쪽 맛집 평대앓이 !!,http://make-it-happen20.tistory.com/6
mming_Achi's life,돈부자 #제주도흑돼지 #제주도백돼지 #제주도맛집 #서귀포맛집 #서귀포삼겹살 #돈부자 #서귀포흑돼지 #밸류호텔근처 #밍아치뱃살 ​ 안녕하세여 ㅎㅅㅎ 밍아취이에여 😛 얼떨결에 찾은 맛집을 소개해드리려구여 엄빠랑 근처 밸류호텔JS 요기서 묵었는대.. (여기도 조식맛집 ㅎㅎ) 저녁을 먹으러 돌아다니다가 발견했어요...,2020-08-11 08:28:00+09:00,https://search2.kakaocdn.net/argon/130x130_85_c/FYXD7hmPXrd,제주돈부자_제주도맛집,http://blog.naver.com/himogi2787/222057126350
trivial round of daily life,며칠 전에는 친구와 비행기를 타고 제주도에 다녀오게 되었는데요 예전부터 꼭 한 번은 가보고 싶었던 제주도 맛집에 방문해 특산물인 흑돼지는 물론이고 한치라면과 같은 이색적인 음식까지 만족스럽게 맛보고 왔답니다. ​ ​ 그렇게 찾아간 중문솥뚜껑은 조안베어뮤지엄에서 걸어도 10분이면 도착하는 곳에 위치해...,2020-08-08 02:21:00+09:00,https://search4.kakaocdn.net/argon/130x130_85_c/6cj4FYHqZJi,굉장했던 제주도 맛집,http://blog.naver.com/valen7514/222054485296
봉슐랭의 스마트라이프,제주 맛나식당 꼭 가보세요(Feat. 제주도 맛집) 안녕하세요. 봉슐랭입니다. 제주도 여행 좋아하시나요? 볼거리도 많고 맛집도 너무 많아서 어디를 가야할지 고민되지 않으신가요? 고민되실 때는 봉슐랭이 추천하는 갈치/고등어조림 맛집 맛나식당을 가보시길 추천드립니다. 저도 제주도 여행가기 전 폭풍검색을 통해서...,2020-06-03 01:38:00+09:00,https://search3.kakaocdn.net/argon/130x130_85_c/4IScIKIgNBQ,제주 맛나식당 꼭 가보세요(Feat. 제주도 맛집),http://bongchelin.tistory.com/33
제길슨님의 블로그,"92 상 호 : 원조부안집 일도점 문 의 : 064-755-1268 주 소 : 제주시 고마로 92 1층 (일도이동, 동명빌딩) 영업시간 : 17:00 ~ 01:00 그렇게 방문한 제주도 맛집에서 뭘 먹을까 계속 고민을 하고 있었거든요. 사실 처음에는 다른곳을 갈까 라는 생각이 들기도 했는데 막상 먹고 나니 오길 정말 잘했다는 생각이 들 정도...",2020-10-07 02:38:00+09:00,https://search4.kakaocdn.net/argon/130x130_85_c/GbadV2qrGL1,여행하면서 찾은 제주도 맛집,http://blog.naver.com/hone7279/222108830513
제주살이 미미,다 보이지 않을 정도입니다. 아이들 놀이방에는 전용 화장실도 있고 공기청정기도 2대나 있어서 정말 신경을 많이 썼다는 것을 느낄 수 있습니다. 놀이방에 있는 놀이기구 종류도 다양합니다. 제주도 흑돼지 맛집 제주 돈아 본점 메뉴판은 찍지를 못했네요. 이곳은 흑도야지 근고기 600g은 54000원이고 백도야지 근고기...,2020-06-13 18:52:00+09:00,https://search3.kakaocdn.net/argon/130x130_85_c/3TxXL8QwD2W,제주도 흑돼지 맛집 제주 돈아 본점,http://ohnovember.tistory.com/75
만주르의 소확행,페를로 제주특별자치도 서귀포시 안덕면 덕수리 2155-4 오늘 하루 잘 보내셨나요? 저번에 다녀왔던 제주도 맛집 추천해드릴려구요😎 연예인들도 자주 방문한다는 &#39;페를로&#39;ㅋㅋㅋㅋ 사실 카드라~방송 저는 따라갔다왔어요! 가는 도중 차에서 자다일어나니 요기 ​ 커다란 입구 문이있음ㅎㅎ 그리고 주차장은 가게앞에 주차...,2020-10-13 23:24:00+09:00,,제주도맛집/페를로,http://blog.naver.com/zozo115/222114871139
친구,뷰가 멋졌던 제주도 맛집 코코마마 얼마전 가족들과 힐링할겸 주말에 제주도를 다녀왔어요. 동쪽코스로 잡아 쭈욱 돌아다녔는데요~ 그 중에서도 맛집에 갔다가 저희 아들이 좋아했던 음식점이 있어서 소개를 해보려 합니다. 식당이 성산일출봉 입구 주차장 끝자락쪽에 있어서 일출봉을 구경하고 내려와서 식사하기에...,2020-07-25 00:47:00+09:00,,뷰가 멋졌던 제주도 맛집 코코마마,http://ringloan.co.kr/79
백년건강,"갈치까지 뼈도 제거하기 쉽구요 요렇게 통통한 살이 아주 그냥 입에서 살살 녹아요. 갈치 통통 1 방송에 나온 곳도 아니고 유명 연예인이 다녀간 제주도 갈치조림 맛집은 아닙니다. 하지만 저도 방송에 소개되고 연예인 왔다갔다는 서귀포 맛집 여럿 가보았지만 그건 그냥 방송일 뿐이었고 맛은 별로, 가격은 정말 사악...",2020-04-17 13:39:00+09:00,,제주도 갈치조림 맛집 서귀포 장수애섬식당,http://hothotlove.tistory.com/109
하루네끼 충분해!,"제주도 맛집 지도 꼭 기억해! 안녕하세요. 하루네끼에요. 항상 맛있는 맛집 많이 돌아다니는데, 어떻게 소개해드릴 방법이 마땅하지 않아 오늘은 지도로 한번 만들어보려고 해요. 이웃님들 제주도 가시면 어디서 뭘 먹어야 할지 막막했던 경험 많으시죠? 저는 출장 때문에 제주도를 거의 한 달에 한 번 가는데, 가다...",2020-09-04 16:32:00+09:00,,제주도 맛집 지도 꼭 기억해!,http://blog.naver.com/ahrdkvkfk/222080298085
비공식 축훈남 일기,제주동문시장과 제주도 맛집 후기 안녕하십니까. 오늘은 제주동문시장과 제주도 맛집을 살짝쿵 후기를 써볼까 합니다. 코로나 때문에 인파가 많이 없을줄 알았는데 생각보다 사람들이 북적였습니다. 먼저 제주동문시장를 보겠습니다. 제주동문시장은 저는 처음에 있는지도 몰랐는데 최근에 하트시그널이라는 프로그램을...,2020-07-25 23:02:00+09:00,,제주 동문시장과 제주도 맛집,http://footballman96.tistory.com/81
갬성매니아,제주도 소개시켜드릴까 싶습니다 제주도 한번더 가볼까 싶퍼서 오늘은 제주도 포스팅을 할껍니다 제주도는 언제나 가도 너무좋은것 같습니다 디저트맛집으로 알려진 제주도에서 제일 맛잇엇던 우무 푸딩인데요? 저는 푸딩 개인적으로 좋아하지는 않지만 껌딱지가 항상 제입에 자꾸 넣어줘서 그냥 먹습니다 네 그냥 주는...,2020-10-12 22:26:00+09:00,,제주도 디저트맛집,http://tndnd12.tistory.com/22
오늘도 즐거운 다이빙,다이빙 갑니다~~!! ​ 성산 스쿠버리조트 제주특별자치도 서귀포시 성산읍 일출로 258-5 성산포리조트 ​ ​ ​ 제주도 추천 맛집 몇 번짼지.. ㅋㅋㅋ 한라 흑돼지 식당 대패삼겹살 &amp;삼겹살 이번에 가서 먹은 곳만 소개할게요~!! 여기는 흑돼지고기 파는 곳이에요~!! 현지인들만 간다는 맛집인데요~~~ 그래서 좀 불친절하다고...,2020-05-13 16:38:00+09:00,,제주도 맛집 퍼레이드~~!!!,http://blog.naver.com/y0706jh/221960688423
내주변맛집,170601 제주도 맛집 리스트 닐모리동동 ​ 안녕하세요 내주변맛집 찾아다니며 전국 맛집 리스트 축적중인 블로거입니다. ​ 1. 외부 저녁 먹으러 제주도 맛집 리스트 찾아 해안도로에 있는 닐모리동동 다녀왔어요. 들어가는 길에는 유모차도 갈 수 있게 경사진 길이 있어요. 지한이아빠가 유모차를 잡고 있네요. 지한이는 밤...,2020-10-10 00:38:00+09:00,,제주도 맛집 리스트 닐모리동동,http://blog.naver.com/sestartup/222111253819
난 바나나요정 바나바나❤,제주도에서 살때 알고 지낸 광령 사시는 언니가 계시는데 지지난번에 놀러 갔을때 현지인들이 자주 찾는 곳이라며 제주도 애월 맛집을 소개해주셨어요. 가격대도 높지 않을 뿐더러 다른 곳에서 쉽게 볼수 없는 독특했던 비쥬얼이라 기분좋게 식사를 할 수 있었어요. ​ 이번에 다녀왔던 백번가든은 애월항에서 천천히...,2020-09-30 15:54:00+09:00,,기깔났던 제주도 애월 맛집 모음,http://blog.naver.com/0427cjstk/222103735951
여행이 찐행복,용암이 식어서 생긴 바위들이 보였다. 바닷가를 따라 만들어 놓은 산책길. 맛집 문쏘 협재해수욕장에서 멀지 않은 곳에 있는 이 식당은 밖으로 보기에는 일본풍...가만히 밖에서 봐도 목재 건물인 것이 그렇게 보이기도 하다. 위치가 제주도라 느낌이 약간 오키나와에 있는 식당에서 먹는 느낌이 났다. 주차 주차장이...,2020-09-28 22:25:00+09:00,,제주도 협재해수욕장 근처 맛집과 카페,http://shopandtravel.tistory.com/40
먹보 류선생,예약으로 6인이상 예약하시면 단체예약 10%까지 진짜 대박이네요... 여러분도 6명이상이면 꼭 네이버예약하고가세요! 제주도흑돼지 서귀포흑돼지명가 제주도맛집 명가 이만 리뷰마치겠습니다. 서귀포흑돼지명가 제주특별자치도 서귀포시 호근동 431-8 서귀포흑돼지명가 제주 서귀포시 태평로 122...,2020-09-16 09:13:00+09:00,,[ 제주도 맛집 ] 제주도흑돼지 서귀포흑돼지명가,http://blog.naver.com/y8178037/222090775134
아이엠피터,제주에 살면서 제일 곤혹스러운 일이 &#39;어디 맛있는 식당에 가자&#39;라는 말을 들을 때입니다. 그와 유사하게 &#39;제주도 맛집&#39;을 소개해 달라는 일도 아이엠피터를 힘들게 하는 일 중의 하나입니다. 제주에 사는 아이엠피터도 &#39;제주도 맛집&#39;이라고 매번 검색할 정도로 제주도 맛집을 잘 모릅니다. 아니 &#39;제주도 맛집&#39;이라고...,2013-06-08 08:04:00+09:00,,&#39;제주도 맛집&#39; 아직도 믿고 가시나요?,http://lmpeter.tistory.com/2203
복슝나무에 복슝,"먹을 수는 없고, 맛있는 메뉴들로만 꽉꽉 채워야 된다구. 이번에 다녀온 제주도에서도 마찬가지였다. 몸뚱이가 2키로나 불었지만... 그래도 행복했다. ​ ​ ​ #제주도맛집 첫 번째, #해맞이꽃게짬뽕 ​ 해맞이쉼터 제주특별자치도 제주시 구좌읍 평대리 2033-19 ​ ​ 정확한 식당의 이름이 뭔지 헷갈린다. 간판에는 해맞이 꽃게...",2020-08-24 21:22:00+09:00,,[제주도 먹부림] 제주도 맛집 탐방,http://blog.naver.com/qhalov22/222069773975
파파미,제주도 맛집 우도 JMT 맛집 타코밤 잊지못해요.... 전날까지도 갈까말까 고민하다 당일이 돼서 급 가게된 우도 도착해서 한바퀴 돌고 가려고 했는데 친구와 저 뱃속의 거지들이 배고프다고 난리를 치기시작했어요 ​ 그래도 미리 대비해 몇개 찾아놓은 우도 맛집이 있어서 그 중에 ‘타코밤’에 가기로 했어요 블랑로쉐 앞...,2020-03-18 13:12:00+09:00,,"제주도 맛집 타코밤 , 블랑로쉐",http://papami.tistory.com/22
TrentK Story,"제주도 맛집 추천, 함덕 회춘 정식 먹다! 안녕하세요. 제주도 함덕 서우봉을 즐긴 뒤 제가 제주도를 다녀온 지인에게 제주도 맛집을 추천해달라고 하니 지인이 강력하게 추천했던 식당 중 한 곳을 갔습니다. 정식을 파는 곳인데 고등어 김치찜과 돔베고기를 푸짐하게 준다는 회춘! 함덕 해수욕장에서 5분 정도 거리에...",2019-10-29 22:14:00+09:00,,"제주도 맛집 추천, 함덕 회춘 에서 정식 뚝딱!",http://guswls9498.tistory.com/211
살구꿀팁,"준 곳들이 있었는데요. 🍊 홍보 없는, 오로지 입소문탄 &#39;제주도 가면 꼭 먹어야 하는 제주도 맛집 베스트&#39; 모아봤답니다. 🍊 제주도 인생 맛집 베스트 TOP 5 미영이네 - 명진전복 - 우진 해장국 오는 정 김밥 - 돈사돈 1. 미영이네 제주도 가면 꼭 먹어야 하는 맛집 TOP 5 서귀포시 대정읍 하모 항구로 42 전화번호: 064...",2020-07-10 12:22:00+09:00,,제주도 맛집 베스트 TOP 5 (+ 제주도가면 꼭 먹어야 하는 맛집들),http://speedsalgoo.tistory.com/174
새댁의 소소한 일상,"미안 ಠ_ಠ 순하디 순한 곰팅이랑 사진도 한 장 남기고요 ๑·̑◡･̑๑ ​ ​ 제주스러운 풍경과 맛있는 음식, 멋스러운 정원과 수영장까지 모두 만족스러웠던 제주도 판포리 맛집 제주장진우식당 수영장 ​ 유명 쉐프의 식당답게 기분좋은 한 끼 식사 즐겼어요 ♥♥ 제주장진우식당 제주특별자치도 제주시 한경면 판포리 1759 #제주...",2020-07-19 18:10:00+09:00,,[제주도] 판포리 맛집 제주장진우식당 ‘수영장’,http://blog.naver.com/mijaa0a/222035381427
미닝의 일상ʕ•ᴥ•ʔ,많더라구요 저희 들어오고나서 바로 웨이팅이 여기 완전 찐맛집이였나봐요!! 테이블마다 휴지/물티슈/나이프/포크/젓가락/수저 요로케 놓여있어요~ #제주도서귀포맛집 #제주도봉유 #제주도맛집 흑돼지야채볶음 2만원 짜자잔 저희가 시킨 첫번째 메뉴!!! 흑돼지야채볶음 입니다!!! ​ 흑돼지 전복 쭈꾸미까지 양도 엄청...,2020-08-26 17:22:00+09:00,,제주도맛집 :) 봉YOU 연돈 서귀포 맛집!!!,http://blog.naver.com/jiwon6444/222071666070
제주하도 & 상상마켓,"자유를꿈꾸는신혁 #신혁의또다른세상 #신혁의제주하도 #신혁의상상마켓 ​ 이번 제주도 맛집은 특별한 맛집!!! 제주도 하면 생각나는 국수는??? 예~~ 맞습니다. 제주도에는 고기국수가 유명합니다. 저도 제주살이 전에 제주도 여행때 꼭 먹었던 고기국수... 처음에는 살짝 비린것도 같았고, 암튼 그냥 그랬던 입맛이...",2020-09-29 10:36:00+09:00,,제주도 맛집 - 가시아방,http://blog.naver.com/leebyoungsub/222102700792
낭만로그 : 소소한 날의 기록,"익숙하실텐데요. 제주도의 김밥 맛집 제주 김만복, 보말음식 맛집인 제주 또바기, 그리고 마지막으로 고기국수로 요즘 핫한 가시아방국수입니다. 최근에 다녀왔던 제주도 여행에서 이 세곳은 대부분의 사람들이 알만한 맛집인데요. 제 주관이 가득한 후기를 들려드릴게요. 1. 제주 김만복 제주 김만복 함덕점 영업시간...",2019-12-30 20:21:00+09:00,,"제주도 맛집 후기 : 제주김만복, 제주또바기, 가시아방국수",http://mintte23.tistory.com/60
바카블로그(BAKA's BLOG),"아... blog.naver.com 수요미식회 제주도 고기짬뽕 맛집 아서원 근처에 있으니 같이가도 좋다 블로그 이웃분이 추천해주신 유달식당도 가깝다~ ㅎㅎ ​ 맨처음엔 범일분식 막창순대국부터 앞바당, 섶섬할매카페, 유달식당까지 연이은 실패로 아서원 식사 겨우 성공 후 만두쟁이까지 효돈감귤이랑 쇠소깍만 유명한줄...",2020-08-23 16:00:00+09:00,,제주도 만두 맛집 / 만두쟁이,http://blog.naver.com/gaogaiga2000/222068509950
사진에 세상을 담다 by everlsk,지난번 지인들이랑 제주도로 여행을 가서 전부터 가고 싶었던 제주도 맛집에 찾아갔어요. 제주산 해산물만 사용하여 만든 갈치조림을 먹을 수 있는 곳으로 퀄리티가 남달라 만족하고 돌아왔던 곳이랍니다. ​ ​ 우리가 방문했던 어가는 제주도청에서 차로 10분 정도 가니 도착할 수 있었는데요. 그레이 톤의 세련된 외관은...,2020-09-17 07:00:00+09:00,,일등이었던 제주도 맛집,http://blog.naver.com/everlsk/222091396865
돌하르방이 된 준디,이상 서자매김밥 포스팅 마치겠수다 위치 제주시 원노형로 41-1 제주시 노형동 941 2020/07/07 - [제주시/노형동 연동] - 도민들도 좋아하는 제주도 김밥 맛집_제주 참맛나김밥 도민들도 좋아하는 제주도 김밥 맛집_제주 참맛나김밥 제주도 김밥 맛집/제주도 김밥/제주 김밥 맛집/제주 참맛나김밥/참맛나김밥/제주김밥...,2020-04-02 19:06:00+09:00,,제주 서자매김밥 : 제주도 김밥 맛집?,http://jejujd.tistory.com/94
해오름,"추천해주셔서 이곳으로 왔다. 그러니까 여기는 제주도 맛집 현지인 추천인데 80세도 넘으신 제주도 토박이 할머니께서 추천해주신 곳이 동문시장 맛집 자연몸국이다. 그냥 사전 정보 검색 같은 것도 없이 찾아왔다. 제주도에서만 80년 이상을 살아오신 할머니가 추천해주신, 그야말로 제주도 맛집 현지인 추천 최고봉...",2019-08-27 12:58:00+09:00,,제주도 맛집 현지인 추천 동문시장 맛집 자연몸국,http://plushappy7.tistory.com/19
soak & feel,것 같다. 갈치조림이 맛있었던 기억이 있어서 제주도 방문하는 분들에게 추천하고자 한다. 가게도 엄청 크고 주차장도 넓다. 우리는 룸으로 안내받았다. 제주도 맛집/카페 관련 포스팅은 아래 링크를 참조~ [제주도 맛집] 신라호텔 제주 더파크뷰 - 브런치 뷔페 후기 [제주도 카페] 델문도 -함덕해수욕장 서우봉 해변...,2019-11-04 07:00:00+09:00,,제주도 중문 맛집 - 덤장 갈치조림 추천!,http://soakandfeel.tistory.com/78
MilkY WAY✨,구이) - [ ] 은희네 해장국 ​ ​ 제주맛집리스트 by.으나 ​ ​ 맛있는 여행 하세요😊 ​ ​ #제주맛집 #제주도맛집 #제주핫플 #제주여행 #제주도여행 #제주도핫플 #제주맛집추천 #제주도맛집추천 #제주도고등어회 #제주카페 #제주도카페 #제주찐맛집 #제주존맛탱 #제주존맛 #제주도민맛집 #제주도가볼만한곳 #제주 #제주도 #제주...,2020-07-17 18:10:00+09:00,,나의 제주도 맛집리스트,http://blog.naver.com/stareunha/222033792358
사진 속 일상에서 여행을 하다,얼마전 데이트 중 점심식사를 위해 핫플레이스로 손꼽히는 제주도 맛집에 찾아갔어요. 이색적인 인테리어와 멋진 오션뷰까지 선사해주는 곳이라 머무는 시간이 짧게만 느껴진 날이었어요. ​ ​ 1. 제주도 코코마마 ​ 이날 찾았던 곳은 성산일출봉에서 차로 3분 거리의 &lt;코코마마&gt;랍니다. 오랜 세월의 흔적이 느껴지는 외관...,2020-10-13 08:00:00+09:00,,알차게 먹은 제주도 맛집,http://blog.naver.com/mixsun/222113728106
블로그 이전 합니다. http://blog.naver.com/gogorilla,"1. 춘심이네 거대 은갈치 구이가 일품인 이 곳은 산방산을 지나 송악산 앞에 위치하고 있고, 개인적으로는 제주도 최고의 맛집이라 생각한다~ 예약은 받지 않으며 오로지 온 선착순으로 재료가 다 떨어지면 가게문을 닫는다~ 이걸 먹기까지 1시간이나 기다렸지만, 안먹었으면 후회했을 맛이다. 구이를 시키면 갈치회가...",2014-06-11 22:16:00+09:00,,제주도 맛집 -ㅋ-,http://gogorilla.tistory.com/97
NAILED IT,"개인적으로~ 제주도 여행마다 들르는 맛집!! 오늘은 몸국, 고사리 육개장 등을 맛볼 수 있는 제주도 맛집 김희선제주몸국을 소개해 드리려고 합니다. #1. 외관 &amp; 주차 음식점 건물은 이렇게 1층 건물로 되어 있어요 음식점 앞쪽에 주차공간이 있고 음식점 옆쪽으로도 넓게 주차공간이 있어요~~ 식당 입구에는 요런...",2020-10-12 08:30:00+09:00,,"[제주도 맛집]몸국, 고사리 육개장 맛집 김희선제주몸국",http://nailedit1.tistory.com/31
호로락 우도 여행기,사면이 바다에 둘러싸여 있어 그런지 경치는 물론 다채로운 해산물을 즐길수 있잖아요. 얼마 전 지인들과 성산에 올랐다가 해물요리를 맛볼 수 있는 제주도 맛집에 다녀왔는데요. 하와이안 느낌의 다양한 요리를 즐겼던 곳이랍니다. ​ ​ 바로 코코마마라는 곳으로 여기는 성산일출봉 초입길 인근에 위치해 있는 1분거리라...,2020-06-16 09:44:00+09:00,,역시나 제주도 맛집,http://blog.naver.com/kidari0727/222002255010
돌하르방이 된 준디,외도점 안녕하십니까 제주 사는 돌하르방입니다 날씨가 점점 따뜻해집니다 드디어 봄이 오나보네요 오늘은 개인적으로 생각하는 제주도에서 가장 좋아하고 맛있어하는 제주도 해장국 맛집 제주 은희네해장국 외도점입니다 제주 은희네해장국 외도점 제주 은희네해장국입니다 외도점이예요 은희네해장국은 제주도 체인...,2020-03-19 22:39:00+09:00,https://search2.kakaocdn.net/argon/130x130_85_c/3BtraiTW6Ni,"제주도 해장국 맛집, 제주 은희네해장국",http://jejujd.tistory.com/79
하늘을 달리다,&#39;제주 성산일출봉 맛집&#39; 얼마 전에 친구들과 다 같이 제주도로 갔다가 마지막 날에 제주도 성산 맛집으로 다녀오게 되었어요. 신선한 갈치를 조림과 구이 둘 다 먹을 수 있어서 퀄리티가 높아 만족스러웠답니다. ​ ​ 저희가 다녀오게 된 등경돌은 성산일출봉 바로 앞에 있어서 일정으로 동선 짜기 편하더라고요. 먹기 전에...,2020-09-26 14:44:00+09:00,https://search4.kakaocdn.net/argon/130x130_85_c/5DwRKISpoGz,정갈했던 제주도 성산 맛집,http://blog.naver.com/bambi2646/222100231899
열공부부의 경제노트,"안녕하세요, 알콩달콩 열공부부입니다. 오늘은 저희가 제주도에서 다녀온 맛집을 소개해볼까 합니다. :) 제주시 맛집 1. 올래국수 수요미식회에 나온 맛집이라는 올래국수 입니다.^^ 도착하니 대기하고 있는 사람들이 이미 어마무시...그만큼 맛집이라는 증거겠죠! 대기명단에 이름을 쓰고 대략 30분정도 기다렸다가...",2020-03-09 10:58:00+09:00,https://search3.kakaocdn.net/argon/130x130_85_c/JVTGLX2zrXV,"제주도 여행, 제주도 맛집 추천!",http://yeolgongbubu.tistory.com/33
몽몽,안녕하세요 몽몽이 이웃 여러부운♥ 몽몽이 입니당:) 오늘은 제주도 중문 맛집으로 블로그 검색해서 다녀온 서귀포 맛집 리스트를 보고 다녀 왔어요 제주도에 왔으면 흑돼지를 꼭 먹고 가야겠쥬? ​ 제주도 천돈가의 위치는요 제주 서귀포시 일주서로 873 (지번 색달동 2353-1번지) TEL : 064-738-7889 매일 12 : 30 ~22...,2020-10-04 13:42:00+09:00,https://search2.kakaocdn.net/argon/130x130_85_c/JFSxCM8VSr0,서귀포 맛집 제주도 중문 맛집으로 천돈가,http://blog.naver.com/dcmall88/222106347757
"지구여행, 가족과 세계일주를 하다.","제주도 맛집 리스트 3 존맛 인정! 현지인도 인정, 완전 인정! 제주여행의 백미는 무엇일까요? 바로 맛집 탐방이죠! 하지만 후기도 많고, 막상 어디를 가야 할지 모를 때가 있는데요^^ 제주도 여행 후에 현지에 사는 지인에게까지 추천하고 싶었던 제주도 맛집 3곳을 소개합니다. 제 제주에서 거주하는 지인도 직접 먹어...",2020-08-03 11:21:00+09:00,https://search4.kakaocdn.net/argon/130x130_85_c/9tW633ejoBn,제주도 맛집 리스트 3 존맛 인정!,http://blog.naver.com/gotofamily/222049699505
혁빠기의 책파기,"제주 시내 맛집 재벌식당(제주도 현지인 곰탕 맛집) 오늘은 제주 시내에서 곰탕으로 이름을 날리고 있는 재벌식당을 소개하겠습니다. 재주도에 가서 곰탕을 먹는다는 생각은 많이 안해보셨을듯 합니다. 최근에는 제주도를 여러번 방문하신 분들이 많아져, 관광객 대상 맛집이 아닌 리얼 현지인이 사랑하는 맛집을...",2020-07-21 14:01:00+09:00,https://search2.kakaocdn.net/argon/130x130_85_c/598IDVd7dH5,제주 시내 맛집 재벌식당(제주도 현지인 곰탕 맛집),http://twojobschool.co.kr/56
사진찍는 프로그래머,"많이 후회를 --) 약간 불만이라면 손님이 많아서인지 서빙 보시는 분들이 너무 바쁘게 뛰어다니셔서, 밥 먹는 사람도 같이 바빠지는 듯한 느낌이었습니다. 제주도에 맛집들이 인기를 끌면서 손님이 많다보니 이런 문제가 어딜 가나 있나 본데요 (손님 많은 제주도 맛집은 다 이런 듯 ) 손님도 품질도, 서빙의 질도 모두...",2010-06-07 08:30:00+09:00,https://search4.kakaocdn.net/argon/130x130_85_c/JWUe7jJ2aZK,제주도 맛집 죽림횟집,http://eslife.tistory.com/398
장밋빛인생 [la vie en rose],인생이에요. ​ ​ ​ 매년 최소 2번씩은 #제주도여행 을 가서 지인들이 갈만한 곳을 많이 물어봐요. 당장 가기는 어렵겠지만 시기가 진정되고 나서라도 갈만한 #제주도맛집 찐으로 후기를 남겨보도록 하겠습니다! 곳곳에 #숨은맛집 이 참 많은데 그 중에서 제가 갈 때마다 꼭 챙겨 가는 곳을 정리해봤으니 여행일정 짤때 참고...,2020-09-01 21:09:00+09:00,https://search4.kakaocdn.net/argon/130x130_85_c/FCUwXz1MeIt,내가 다녔던 제주도 맛집 5곳!,http://blog.naver.com/cutefox1025/222077521173
YOU MAKE ME,"#제주도 맛집 #제주도 2박3일 코스 #제주도 존맛 #제주도 맛집 추천 #제주도 카페 안녕하세요. 아직 2020년이라는게 안믿기네요. 제주도 맛집 베스트를 들고 왔습니다.(갑자기ㅎ) ​ ​ **주관적인 후기입니다. * 2019년 2월, 2019년 12월에 다녀온 제주 기준 맛집이에요. 카페나 식당이 문을 닫거나 메뉴가 없어졌을 수도...",2020-01-07 01:30:00+09:00,https://search4.kakaocdn.net/argon/130x130_85_c/KdnSdkXWieb,[제주도 맛집 정리],http://blog.naver.com/grizzlyy/221762312344
여행을 꿈꾸는 사내,2박 3일 제주도 여행 중 네이버 검색 등 아무런 정보 없이 즉흥적으로 여행지 또는 숙소 근처에 현지인들이 많이 찾는다는 제주도 맛집을 물어보고 찾아보게 되었습니다. 검색에 나오는 음식점 홍보성 글이 아닌 여행 중 다녀본 음식점 중 좋았던 장소들을 솔직하게 소개해 봅니다. 첫번째로 소개할 곳은 모슬포항 인근...,2020-08-27 16:48:00+09:00,https://search2.kakaocdn.net/argon/130x130_85_c/Gxavv9S7dBb,제주도 현지인 맛집 리스트 베스트 5,http://sanaetour.com/222072663162
⠀,"하나에 6300원이면 싼 가격이 아닌.. ​ 커스타드 푸딩 6300원 초코 푸딩 6300원 ​ 재방문 의사 (웨이팅 없으면) 🌟🌟🌟 ​ ​ ​ 오늘은 일단 여기까지 할게여 ㅎㅎ ​ 제주도 맛집 빅데이터 2탄 필요하신 분?? 있으면 2탄으로 찾아옵니다••• ​ ​ 저의 근황이 궁금하신 분들 위해 사진도 한 장 놓고 갑니다 총총,,, ​ ​ - 오늘의...",2020-08-28 00:34:00+09:00,https://search4.kakaocdn.net/argon/130x130_85_c/1W9ooJGMj3A,제주도 맛집 빅데이터,http://blog.naver.com/coalswo6552/222073077591
저기압은 고기 앞으로,육즙이 가득 소고기 같은 식감의 흑돼지라니! 제주도중문맛집 @천돈가 마라도에서도 열심히 걷고 중문에서 이곳저곳 많이도 돌아다녔으니 이제는 든든한 흑돼지를 먹어야해!라며 저희 가족이 찾아간 제주도중문맛집을 소개해드려요. ​ 해가 뉘엿뉘엿 넘어가는 시간즈음이었고 호텔이 제주공항근처라서 이제 중문에는 올...,2020-10-05 17:51:00+09:00,https://search4.kakaocdn.net/argon/130x130_85_c/B4qhHrGr107,육즙이팡 제주도중문맛집,http://blog.naver.com/jjiya09/222107457976
늘 여행을 준비하는 평이 아빠,같고 대로변에 주차를 해도 단속을 안하는 시간대인 점심시간 오전11시 30분 부터 오후 1시 30분까지 이니 참고 하시면 좋을거 같네요. ​ ​ ​ 첫 방문시 제주도 서귀포 맛집에 줄을서서 입장했던 기억에 오픈시간에 맞추어 일찍 방문을 해보았는데요. 저보다도 일찍 오셔서 식사하는 손님은 다행이 한테이블 밖에 없어 조용...,2020-09-30 07:32:00+09:00,https://search4.kakaocdn.net/argon/130x130_85_c/GdPnaNstaoO,현지인의 제주도 서귀포 맛집 리스트,http://blog.naver.com/kh723/222103486513
백팀장 여행기,"제주에 살고 있는 지인한테, 그도 아니라면 제주를 다녀온 지인들에게. 블로그는 정말 최후의 최후의 최후의 수단이다. 이런 내가 나의 블로그에 제주도 맛집 리스트를 적는 다는 것은 퍽이나 설득력이 없는 행동이다. 사실 이것은 나를 위한 기록이다. 다음 제주 여행에 에어비앤비에서 느지막히 늦잠 자고 일어나...",2020-03-10 08:21:00+09:00,https://search2.kakaocdn.net/argon/130x130_85_c/JPoKugAMar0,제주도 맛집 리스트 면요리편,http://ogilback.tistory.com/9
틱톡,"추신수 방문 사진과 사인! 2015년 부터 2017년까지 총 3번 정도 방문했다고 하던데.. 이 맛이 가끔 생각나지 않을가 싶네요ㅠ ↓↓ 제주도 맛집/카페/여행지 포스팅 목록 ↓↓ 제주도 서귀포 호텔 가성비 갑, 체이슨호텔 더 리드 오션뷰 후기! 제주도 칠돈가 중문점, 제주 흑돼지 맛집은 여기가 진리! 제주도 우도 수제...",2020-10-11 20:02:00+09:00,https://search3.kakaocdn.net/argon/130x130_85_c/3s8NJVrojPV,"제주도 서귀포 현지인 맛집, 고등어회 전문점 자연회수산!",http://tikntok.tistory.com/831
소확행 행동 대원,먹는데 집중하느라.. 핳핳 부모님챙기고 동생 챙기느라 정신이 넘 없었어서 ​ 이전에 다녀온 제주도 해심가든 포스팅 링크 했어요~ ​ 이날은 냉면까지 먹었네요~ ​ 제주도 맛집 해심가든~ 유명한덴 이유가 있는 법 존맛.. ​안녕하십니까~​소확행 라이프를 살고 있는소확행 행동 대원대원이 인사드립니다.~~​어제 내린 비로 날...,2020-07-29 10:53:00+09:00,https://search3.kakaocdn.net/argon/130x130_85_c/AeAU6thrFFt,제주도 맛집 해심가든 ~ 가족 모두 대 만족,http://blog.naver.com/daeokeem/222044997503
백년건강,"맛있는 서귀포 맛집 문치비를 소개합니다. 여기는 원래 SNS에서도 서귀포 흑돼지 삼겹살 맛집으로 유명해서 소개가 자주 되었던 곳인데요 저는 SNS에서 소개되는 제주도 맛집을 신뢰하지 않는 편이었는데 이번에 다녀오고 다니 아, 진정한 맛집도 포함되어 있구나라는 걸 알 수 있었습니다. 제주도 서귀포 문치비는 본점...",2020-04-18 13:55:00+09:00,https://search4.kakaocdn.net/argon/130x130_85_c/Gcjmye6pP6Q,제주도 흑돼지 맛집 삼겹살 : 서귀포 문치비,http://hothotlove.tistory.com/111
양파콩이,원래는 호텔들렸다가 바닷가 근처에서 회를 먹으려고 했는데.. 배도 고픈데 호텔 바로 옆에 맛집이라고 봐 뒀던 해물탕집이 딱!! 있 9191day.tistory.com [제주도 맛집] 우진해장국 [제주도 맛집] 우진해장국 전화번호: 064-757-3393 제주 제주시 서사로 11 지번: 삼도2동 831 제주도에 도착한 후 제일 먼저 간 맛집...,2020-05-25 14:04:00+09:00,https://search3.kakaocdn.net/argon/130x130_85_c/87aSuQHA2B2,[제주도 맛집] 맛나식당,http://9191day.tistory.com/79
그맛이 알고싶다,"제주도 서귀포 맛집 :: 이어도 이곳은 해물찜요리를 전문적으로 만들어주는 곳으로 소문이 난 곳이었는데요. 관광객들보다도 현지인들한테 인기가 좋고, 메인요리가 워낙 푸짐해서 별도의 스끼다시들이 많이 없어도 충분히 만족스러운 식사를 할 수 있는 곳으로도 이름이 났다고 하여 더욱 기대됐었어요. 제주도 서귀포...",2020-03-05 07:10:00+09:00,https://search3.kakaocdn.net/argon/130x130_85_c/49I2RVYNADH,시선집중~ 요즘 뜨는 제주도 서귀포 맛집,http://blu2sky7.tistory.com/705
대들보부상,"여러분♥️ㅁ♥️ 안녕하세요? 저의 제주도 최애맛집.. 지인들도 매번 함께한 제주도 여행에서 베스트맛집을 꼽으면 1위인 이곳 바로바로 상. 춘. 재 되시것습니당 여기는 밑바찬 하~~나도 빠짐없이 다 맛있고.. 국물도 그리고 비빔밥도 푸짐하고 너무 맛있어요! 상춘재는 북동쪽, 유명한 풍림다방 근처에 있답니다. 주변에...",2020-05-01 02:06:00+09:00,https://search3.kakaocdn.net/argon/130x130_85_c/5DSVYCOB8Ed,🍽 제주도 최고맛집 상춘재,http://supermj.tistory.com/19
쿠로몬 블로그,안녕하세요 쿠로몬입니다. 오늘은 제주도맛집 한곳을 추천해 드릴까 하는데요~ 추천할 맛집은 바로 한림칼국수 라는 곳입니다. 우선 위치부터 공유해드릴께요 이곳 한림칼국수는 본점과 제주공항점이 나누어져 있는데요~ 저같은 경우에는 비행기에서 내리자 마자 아침으로 먹고자 공항과 가까운 제주공항점을 찾게...,2020-03-24 10:36:00+09:00,,제주도맛집추천 한림칼국수 제주공항점,http://kuro-mon.tistory.com/38
행복별,방목하여 키운 우유로 만든 순수우유 우유맛도 이렇게 차이가 나나봐요.. 다 먹기 전에 사진 한장 찍고 왔어요.. ㅋㅋㅋ 프사에 올릴려구요.. ​ 제주도 아이스크림 맛집 젤라떼리아섬 ​ ​ 아이스크림 먹으면서 오름책 보면서 ㅋㅋㅋ 힐링아이스크림 노형동 디저트 젤라떼리아섬 ​ 애들 고모가 모라고 했는줄 아세요? ㅎㅎㅎ...,2020-07-15 09:14:00+09:00,,노형동 디저트 카페 제주도 아이스크림 맛집,http://blog.naver.com/yanghj0329/222031347540
만족여행,"왜 더 많은 음식을 집어넣을 수 없는 것인가, 한탄하면서도 점심 저녁 사이에 티타임도 꼭 넣고, 관광보다는 식도락 여행이 더 맞는지도 모르겠다. 1. 제주도 해물탕 맛집 : 명품진전복해물탕 주소 ; 제주 제주시 신설로 6 (이도2동 1970-2), 전화번호 064-723-2882 제주도 갈때마다 비행기 내리자마자 가는 곳이 바로...",2020-05-13 00:40:00+09:00,,제주도 맛집 총정리,http://blog.naver.com/alice0953/221956611926
여행왕의 가벼운 걸음,가족들과 같이 제주도로 다녀왔는데요. 여행 중 두 번째 날 점심때 방문한 제주도 애월 맛집은 오션뷰를 즐기며 흑돼지를 먹을 수 있었는데 그 맛이 잊히지가 않아요. 저희가 다녀오게 된 애월리식당은 가문동포구에서 차로 1분도 안 걸리다 보니 찾아가기 쉬웠는데요. ​ 도착해보니 화이트톤 계열의 깔끔한 외관이 인상...,2020-10-03 09:00:00+09:00,,전문적인 제주도 애월 맛집,http://blog.naver.com/miniwith_you/222105165819
열대탐닉,푸른 바다와 어울리는 액자도 인테리어에 한 몫 했는데요. 넓은 공간과 우드 인테리어가 조화로운 공간이었어요. ​ 자리에 앉아 주문하니 금세 주문한 제주도 성산 맛집의 통갈치조림세트와 밑반찬들이 준비되었는데요. 직원분들께서 일사분란하게 움직이더니 금새 한상이 가득 차려지더라구요. ​ 밑반찬의 가짓수가 다양...,2020-07-17 13:32:00+09:00,,제주도 성산 맛집 잘 찾았다,http://blog.naver.com/moonch0609/222033526074
❤펭구씨❤신나는오늘,"얼마 전 친구랑 같이 섭지코지에 다녀왔는데요 근방에 괜찮은 음식점 검색하다가 알게되어 방문 후 제주도 맛집 지도에 기록한 곳이 있습니다 저희가 갔던 종달수다뜰은 섭지코지에서 차로 15분 거리로, 신고로와 일주동로를 거쳐 도착할 수 있었습니다 식당에 다다르니 보이는 아름다운 건물에 저도 모르게 감탄을...",2020-07-23 15:59:00+09:00,,제주도 맛집 지도 이대로만!,http://blog.naver.com/zndkdvndkd/222039447283
준준 블로그,안녕하세요 준준이에요 : ) 이번에 다녀온 제주도에 마지막 포스팅이네요. 친구들과 다녀온 제주도 맛집 리스트인데요. 고기 국수로 시작해서 만족스러운 코스 잘 다녀왔습니다. ​ ​ 국수바다본점 제주특별자치도 서귀포시 일주서로 982 ​ 국수바다 제주특별자치도 서귀포시 일주서로 982 ​ ​ 비행기에서 내리자마자 숙소에...,2020-02-27 23:10:00+09:00,,진짜배기 제주도 맛집 리스트!,http://lovezun91.blog.me/221828061970
찌롱세상,들게 아기자기한 느낌을 많이 내었더라고요 일단 자리에 앉아서 메뉴판을 살펴보기로 했어요 세트메뉴가 메인이었고 거기에다가 랍스타를 추가하면 되는 형식이더라고요 주문을 마치자 제주도 맛집의 직원분께서 곧바로 식기를 세팅해주었는데 라탄의 테이블매트가 분위기를 한껏 살려주더라고요 커트러리들도 우드로...,2020-10-02 06:00:00+09:00,,내가 반했던 제주도 맛집 LIST,http://blog.naver.com/jiwang12/222104538963
소확행 행동 대원,"식당, 가스름식당만 가봤습니다. ​ 나목도식당은 다음 여행에 기회가 된다면 가보려구요. ​ 표선면 가시리의 두루치기 3대장 격파하고싶거든요~ㅋㅋㅋㅋ ​ 제주도 맛집 가스름식당~ ​안녕하십니까~~​소확행 라이프를 살고 있는소확행 행동대원대원이인사드립니다~~~​오늘은 제주도의 유... m.blog.naver.com ​ 요건 제주도...",2020-07-27 10:48:00+09:00,,제주도 맛집 가시식당!,http://blog.naver.com/daeokeem/222042878503
"솔직한 리뷰, 고독한입",있었네요...ㅎㅎ 주방은 이렇게 오픈되어 있는데 나름대로 청결에 신경을 쓰고 계신 것 같았어요. 그리고 꽤 많은 분들이 주방에서 일하고 계셨어요. 제주도 맛집 자리돔횟집은 주문 즉시 바로 고등어를 잡아주시는 모습이에요. 정말... 고등어회가 신선하고 맛있을 수밖에 없겠어요. 입구는 작아 보이지만 내부가 길쭉...,2020-05-01 21:50:00+09:00,,고등어회를 아시나요? 제주도 서귀포 맛집 - 자리돔횟집,http://lone-m.tistory.com/78
반짝반짝,제주도에 가면 볼 것도 많고 먹어봐야 할 것도 많은데요.. 중문쪽에서 맛있는 집을 찾으신다면 제주도맛집 색달식당을 소개합니다. ​ 중문관광단지에서 1분 거리에 위치한 식당으로 생물갈치만을 고집해서 다른 집과는 색다른 식감을 즐길 수 있습니다. 세트메뉴로 구성이 되어 있는데 밥도 공기밥이 아닌 돌솥밥이...,2020-10-12 19:41:00+09:00,,색달식당 중문본점 제주도맛집,http://blog.naver.com/jhsun1017/222113748576
솔직한 일상:),제주도 여행 제주도 맛집 안녕하세요 ^____^ 먹는 소소한행복이 최고라고 생각하기에 여행을 하면서 늘 맛있는 곳을 찾아해메던 일상을 제주도 맛집 인증한 정보로 공유할게요 ​ [작년 여행 정보로 현재와 다를 수 있음] 참고해서 봐주세요 ​ ​ 성산옥탑 제주맛집_성산옥탑(@seongsanrooftop) • Instagram 사진 및 동영상...,2020-05-11 09:31:00+09:00,,제주도 맛집 7 탐방 필수코스 추천,http://blog.naver.com/wjdk2582/221950869638
"기억, 추억, 생각","지난 주말, 제주도에 사는 친구집에 휴가삼아 오랜만에 놀러 갔는데요. 진정한 해산물을 맛보게 해주겠다며 본인의 단골집인 제주도 맛집에 데려가줬는데 홀딱 반하고 왔답니다. ​ ​ 1. 동문올레수산 덕수야채 제주특별자치도 제주시 중앙로13길 16 주소: 제주 제주시 관덕로 14길10 번호: 064-752-5657 ​ 돌아오기 전...",2020-10-15 06:50:00+09:00,,화려했던 제주도 맛집 리스트,http://sodam3826.blog.me/222115800249
직딩의 일상,"맛있는 음식들도 많지만, 오늘은 저렴한 가격이지만 후회하지 않을 맛있는 제주도맛집 들을 추천하고자 한다. 1. 서귀포 매일올레 시장 첫번째로 소개할 제주도맛집, 매일올레시장. 서귀포시에 위치한 매일올레 시장은 중문과 가까워서 방문하기에도 위치가 좋다. 서귀포시의 중심상권이며, 꾸준히 신축을 하고 있어...",2020-02-16 15:51:00+09:00,,"제주도맛집 리스트 공개, 이것 만큼은 꼭 먹어보자",http://koko1091.tistory.com/2083
스토리월드,"제주도 도민 맛집 나만 알고 싶은 곳이 몇 곳 있는데 그게 또 나만 안다고 되는 것은 아닌 것 같아요. 좋아하던 곳들이 몇 곳 있었는데 1, 2년 후에 가보면 없어진 곳들도 있더라고요. 장사가 잘 돼야 계속 영업을 하시겠죠. 그러니 맛있는 곳은 나만 알면 안된답니다. 이곳은 표선에서 유명한 제주도 도민 맛집인데요...",2020-07-10 18:06:00+09:00,,제주도 도민 맛집 나만 알고 싶은 곳,http://dongostory.tistory.com/34
노는게 제일 좋은 네일리스트 일상 ♥,여유롭게 주차하고 들어갔어요. 여기는 모범음식점이기도 했어요. 서귀포시에서 좋은식단으로 인증을 받아 믿고 이용할 수 있겠다는 생각이 들었어요. 제주도 맛집 내부로 들어가니 고급스러운 테이블이 보였어요. 모던하면서도 세련되게 꾸며져서 보자마자 기분이 확 좋아지더라고요. 1층은 모두 입식으로 되어...,2020-10-12 10:00:00+09:00,,손꼽아 기다린 제주도 맛집 방문기,http://blog.naver.com/missgyul/222112727473
김작가의제주여행,안녕하세요 꾸벅^*^ 주말에 큰처남이 가족들과 제주도에 놀러와 식사를 대접하기 위해 푸짐하기로 소문난 곳으로 제주도 맛집 추천을 하고 다녀왔어요. 1인 1갈치를 현실로 만나게 될 줄은 꿈에도 몰랐는데 퀄리티도 좋았고 가성비까지 좋아 소개해드릴게요! ​ ​ 만족한상회 제주특별자치도 서귀포시 중문상로 58-5 주소...,2020-05-08 12:52:00+09:00,,화려했던 제주도 맛집 추천!,http://kimyk5088.blog.me/221951805205
해빙의 일상,제주도 맛집/제주시 맛집 /나만 알고 싶은 제주도 맛집 효섬마을초가집 리뷰 오늘 소개할 맛집은 제주도에 있는 #효섬마을초가집입니다. 제목에도 적었다시피 저만 알고 싶은 맛집이기도 합니다.ㅋ 하지만 선한 영향력을 위하여 혼자 품고 가지 않고 팍팍 공유하겠습니다.^^ 전에도 언급한 적이 있는데 제주도를 아주...,2020-09-24 00:01:00+09:00,,제주도 맛집 추천/제주시 맛집 추천 /나만 알고 싶은 제주도 맛집 효섬마을초가집 리뷰,http://gus48600.tistory.com/20
아용쿠용쿠,​ 친구들이랑 제주에 다녀왔는데요. 이번 여행의 컨셉은 제주도 맛집 리스트를 도장깨듯 탐방하자는게 목표인지라 그 끼니의 순간을 소개해보려해요. ​ ​ # 광해애월점 * 주소: 제주 제주시 애월읍 애월해안로 867 2층 * 전화번호: 064-713-4789 * 영업시간: 매일 09:30~21:00 ​ # 바다를 본 돼지 서귀포점 주소 : 제주...,2020-07-24 07:00:00+09:00,,제주도 맛집 리스트 모음,http://blog.naver.com/mouse0325/222039229888
치부르의 여행 이야기,"구경거리도 많고, 맛집도 많은 제주도. 유명한 맛집을 찾아가 먹을 때는 정말 맛있게 먹어도, 나올 때 계산서를 보면 만족감이 떨어지는 경우도 많다. ​ 그런데... 이번에 갔던 곳은 먹을 때는 물론이고, 나올 때도 너무나 만족스러웠던 제주도 한림 맛집 이었다. 제주도 여행을 함께 갔던 친구가 미리 검색해서 찾아 논...",2020-07-10 07:30:00+09:00,,다시 가고픈 제주도 한림 맛집,http://castpd.blog.me/222026521659
KosscrapbooK & Happyjun,"위치한 산방식당을 소개드렸습니다. 제주도민 맛집으로 추천되는 집이며, 수육, 밀면(밀냉면), 비빔밀냉면만 판매하며 3가지 메뉴 모두 자극적이지 않으면서도 싱거움 없이 간은 딱 맞아 신기할 정도로 맛있었습니다. 아이들도 잘 먹을 수 있을 메뉴라 생각하며, 제주도 방문시 염두해두면 좋을 맛집으로 추천드립니다...",2020-08-24 11:35:00+09:00,,제주 산방식당 (밀면 제주도 맛집 리스트 업 / 제주도민 맛집),http://kosscrapbook.tistory.com/467
제주설레임,것 같아요. 그래서 그런지 이번 여행은 좀 더 색다른 음식을 맛보고 싶어서 찾아보았는데 몇달 전 처음 맛보고 부드럽고 고소했던 첫맛에 감동한 제주도 말고기 맛집이 번뜻 떠올라 갑자기 맘이 들떴답니다 ^^ 1. 제주도 말고기 맛집 정우말가든 주소 : 제주시 아연로 17 오전 10시~오후22시(연중무휴) 전화 : 064-747...,2020-09-28 21:15:00+09:00,,제주도 말고기 맛집 반했어요~,http://blog.naver.com/awarmgoose/222102253377
예슬나™의 행복스토리,가고싶은 곳을 찾다가 주변 맛집도 함께 검색을 하잖아요. 맛있는 밥집이나 카페는 제주여행할때 필수코스죠...ㅎㅎ 그래서 이번에 제가 베스트관광지와 함께 제주도맛집리스트를 만들어봤어요...ㅋㅋ 사진찍기 좋은 뷰가 있는 제주관광지와 베스트3 맛집리스트를 소개해드릴께요^^ ​ ​ ​ ​ 노형수산시장 제주특별자치도...,2020-08-27 21:42:00+09:00,,베스트관광지 제주도맛집리스트 관광지도,http://blog.naver.com/annykoh/222072924469
❤펭구씨❤신나는오늘,평일에 친구들과 함께 섭지코지 세그웨이를 체험했는데 생각보다 재미있었어요 그리고 바로 근처에 예쁜 식당을 발견했는데 맛도 좋고 분위기도 괜찮아서 제주도 맛집 추천합니다 아쿠아플라넷을 지나서 이곳까지 도보로 20분 정도 걸렸는데요 돌 오솔길 끝에 귀여운 돌하르방과 나무 간판이 놓여있는데 큰 길가 바로 옆...,2020-06-13 17:10:00+09:00,,예쁜 제주도 맛집 추천,http://blog.naver.com/zndkdvndkd/221997669179
"에쓰와이""의 투닥투닥 일상스토리♡",﻿제주도 여행을 앞두고 계획을 짜는데 우연히 짠내투어 제주도 맛집편을 하는걸 보고 너무 가고 싶더라고요 그중에서도 굉장히 맛있기도 하고 가성비까지도 좋았던 곳이 있어서 소개해주려고 하는데요 ​ ​다녀온 곳은 황해식당이라고 해서 이미 이 주변 현지인 분들에게는 매우 유명한 곳이었는데요 그럴 수밖에 없는게...,2020-10-07 18:28:00+09:00,,황홀했던 짠내투어 제주도 맛집 추천,http://blog.naver.com/junsy0602/222109452979
재미,꿀맛 그자체였다. 시원한 얼음이 곁들여지니 그 맛은 더욱 깊어졌다. 왜 다들 제주도에 가면 꼭 들리는지 이해가 됐다. 내가 이제 제주도 갈때마다 꼭 들려야 하는 맛집으로 추가했을 정도니깐. 하지만 다섯명이 가서 세명은 만족했지만 두명은 두세입 먹고 아예 손대지도 않았다. 개인 입맛에 따라 다르겠지만 담백하게...,2020-10-14 13:45:00+09:00,,:: 제주도맛집 제주도애플망고 애플망고1947 다녀온후기,http://ssn1379.tistory.com/13
맛집과 간단한 요리,"하귀 청마루#양념돼지갈비#제주도맛집#현지인맛집#흑돼지 모듬(대,중)#돼지양념갈비#흑돼지오겹살#흑돼지목살#가브리살#식사냉면#후식냉면#김치찌개#된장찌개#공기밥#애월읍 맛집#상귀리 밥집#제주도맛집#제주도밥집#하귀청마루#하귀리지역민맛집#하귀리맛집#애월청마루#애월양념갈비맛집#흑돼지양념구이#제주도맛집탐방...",2020-08-14 07:38:00+09:00,,[제주도 맛집] 양념돼지갈비가 맛있는 하귀 청마루에 가다,http://blog.naver.com/sbchanbaram/222060180284
JINing_dailylog,초밥 드시러 가보세용 ​ 공감과 댓글 서이추는 언제나 환영입니닷💕 ​ ​ #제주도맛집 #제주도여행 #제주도민맛집 #제주다이닝 #제주도고등어 #제주도숙성회 #제주도누루온 #누루온 #제주도맛집추천 #내돈내산후기 #내돈내산리뷰 #고등어초밥 #모듬숙성회 #돌문어오일파스타 #오늘의추천메뉴 #공감 #댓글 #서이추환영 #내돈내산,2020-09-11 15:44:00+09:00,,"제주도 맛집_제주 다이닝 [느루,온]",http://blog.naver.com/yeojinm715/222086712900
나로의 LP music Story~!!,"소스도 4가지나 나와서 취향껏 조합해가는 재미도 있었답니다. 우선 파스텔톤의 소스를 살펴봤는데요. 매콤, 파인애플, 허니 머스터드 칠리소스로 구성된 제주도 맛집의 소스 접시 역시 아주 깔끔하고 예뻤습니다. 다시 메인 요리로 눈을 돌려 사이드에 놓인 게 튀김을 살펴봤어요. 게딱지까지 붙어 있어 어떻게 먹어야...",2020-09-05 06:51:00+09:00,,반드시 가야 하는 제주도 맛집 List,http://blog.naver.com/mal3500/222080787634
어나더유,처음 접해보는 제주도 맛집 ​ 저번 주에는 친구들과 제주에 있는 호텔을 방문하게 되었어요. 더욱이 특별한 기억을 남기기 위해 흑우라는 한국 토종 품종의 소고기를 파는 제주도 맛집을 수소문해 찾게 되었는데 엄격하게 관리된 품질의 육류를 접할 수 있어서 만족스러웠어요. ​ 1. 제주 흑소랑 주소 제주특별자치도 제주...,2020-10-01 07:30:00+09:00,,처음 접해보는 제주도 맛집,http://blog.naver.com/nolamanal/222104113629
잠만보 다이어리,​ ​ ​ 제주도맛집 연화키친 요즘 떡볶이에 빠진 오빠가 찾은 맛집. ​ ​ ​ ​ 연화키친 제주특별자치도 제주시 애월읍 상가리 1697 ​ ​ 애월에 있는 연화키친으로 점심 먹으러 다녀왔다. 인스타에서 봤을 때 딱 사진용으로 좋겠구나 싶었던 곳이라 나도 방문했다! ​ ​ ​ ​ 제주도맛집 연화키친 제주도맛집 연화키친 제주도맛집 연화키친...,2020-09-01 16:09:00+09:00,https://search3.kakaocdn.net/argon/130x130_85_c/7IoSC9QYykq,제주도맛집 연화키친,http://blog.naver.com/aboutyeong/222077252383
TAKE ME WITH YOU..나를 데려가 주세요,놓은 칼국수 전문점에 들렀는데요. 바닷가 앞이라 힐링하는 느낌으로 현지음식들을 골고루 즐기고 와서 아주 뜻깊은 시간을 보낼 수 있었어요. ​ ​ 1. 제주도 해물탕 맛집 제주칼국수 제주해물탕 이날 찾아간 제주칼국수는 성산고등학교에서 차로 2분 거리라 금방 도착했는데요. 대로변에 위치해 있었고 웅장한 규모의...,2020-10-06 06:00:00+09:00,https://search4.kakaocdn.net/argon/130x130_85_c/HIlUJPhkJiM,비주얼 깡패인 제주도 해물탕 맛집 리스트,http://blog.naver.com/hangilchi/222107446385
나.....뭐 좋아하니?,바당조배기 - 고등어죽 #바당조배기와 고등어죽 위치: 도두항 근처(제주시 서해안로 155) 제주민속오일장 구경와서 전기차 충전소 찾아 헤매다 발견한 맛집. 제주도에선 수제비를 조배기라고 하나보다. 여긴 문어요리가 메인인것 같았는데 우린 수제비와 죽을 주문함..ㅋ. 바당조배기에는 직접 반죽한 수제비와 주꾸미...,2020-09-17 17:36:00+09:00,https://search2.kakaocdn.net/argon/130x130_85_c/FNqyWqbYnJ9,어쩌다 이와중에 제주도여행 - 제주도 맛집 발견하기,http://bbidac.tistory.com/55
여행가는 직딩,있어요! 오늘은 분식을 정말 좋아하는 에디터가 직접 먹어본 맛집들로만 골라봤어요. 맛있는 떡볶이도 먹고 시원한 수영장에서 힐링도 즐길 수 있는 ‘제주도 분식 맛집과 제주 수영장 펜션 best 3’ 함께 보러가요! 제주도 분식 맛집 평대스낵 평대스낵 인스타그램(@jjangnyang) TIP 뷰맛집 제주도 분식집으로 유명한...,2020-08-06 23:48:00+09:00,https://search1.kakaocdn.net/argon/130x130_85_c/CISGeu5992W,제주도에서도 떡볶이는 먹고싶어🌶 제주도 분식 맛집&amp;수영장 펜션 모음.zip,http://koko0673.tistory.com/1669
며니야기,"[제주도여행] 또 먹고 싶은 서귀포맛집 오전열한시, 더클리프 [제주도여행] 또 먹고 싶은 서귀포맛집 오전열한시, 더클리프 [제주도여행] 전복과 흑돼지. 먹고 먹은 하루 [제주도여행] 전복과 흑돼지. 먹고 먹은 하루 [제주도여행] 제주공항 근처 신해바라기분식 순두부찌개. 별로... [제주도여행] 제주공항 근처 신해바...",2020-09-21 15:07:00+09:00,https://search3.kakaocdn.net/argon/130x130_85_c/DrrlY9iSWFj,[제주도여행] 협재해수욕장 근처 맛집들,http://m-hyun.tistory.com/29
홍냐홍의 비행,지난번 친구랑 해산물을 푸짐하게 먹을 수 있는 제주도 맛집을 다녀왔다. 오랜 시간 동안 한자리에서 운영을 한 만큼 퀄리티 다른 손맛을 느낄 수 있어 흡족스러웠다. 소개해드릴 테니 참고하시고 방문하면 좋을 것 같다! ▲외관 다녀왔던 어가는 방일리공원에서 차로 2분 정도 가니 건물이 보였다. 그레이 톤의 외관에...,2020-09-24 07:30:00+09:00,https://search2.kakaocdn.net/argon/130x130_85_c/DB0lkJw2kl0,감동했던 제주도 맛집 모음,http://blog.naver.com/jineunjoo502/222097673790
"검정오리, 날다.",극찬했던 제주도 표선 맛집 리스트 얼마 전 가족들과 제주도로 여행을 다녀왔는데요. 거기에서 들렀던 제주도 표선 맛집이 인상깊었어서 소개드리건데 노릇하게 익은 흑돼지근고기에 극찬을 하고 온 곳이니 주목해보셔도 좋아요. 표선 흑돼지삼형제 제주특별자치도 서귀포시 표선면 민속해안로 594 주소-제주 서귀포시...,2020-09-25 10:30:00+09:00,https://search1.kakaocdn.net/argon/130x130_85_c/E0AzU6qvvIo,극찬했던 제주도 표선 맛집 리스트,http://blog.naver.com/woojin5060/222098902333
지구별에서 - Things Old and New,제주 2017 - 제주도 맛집 내 여든 한번째 생일 인터컨틴넨털 호텔 뷔폐에서 거한 정심을 먹고 저녁까지 배가 불러서 저녁을 굶었는데 다음날 예상 밖으로 몸무게가 확 내려 갔다. 점심을 아무리 거하게 먹어도 저녁만 거르면 체중은 준다는 사실을 확인 것이다. 그렇다면 점심은 다이어트 식품이 아니라 먹고 싶은 것...,2017-02-08 17:02:00+09:00,,제주 2017 - 제주도 맛집,http://boris-satsol.tistory.com/1474
GRACE's lov diary,​ ​ ​ 이번 여행의 마지막 일정에도 맛있는 것을 놓칠 수 없어 알아 놓았던 제주도 맛집을 들리기 위해 일정을 추가했는데요~ 늦은 아침 겸 이른 점심인 브런치 느낌으로다가 먹는거라 성산일출봉을 오르기 전에 들러봤어요 코코마마(CoCoMAMA) ​ 전망좋고 사진찍기 좋은 핫플 제주도 맛집 이예요 ​ 저희 가족이 들렸던 코코...,2020-07-29 16:39:00+09:00,https://search1.kakaocdn.net/argon/130x130_85_c/DaFTgFQ0R0G,제주도 맛집 사진찍기 좋은 핫플!,http://dmsp3535.blog.me/222045336548
202.HOME,자치도 제주시 서해안로 350-1 ​ ​ 주차를 하고 난 다음에 가게 들어가기전 수족관부터 구경을 했는데요. 안에는 킹크랩이며 랍스타며 대게며 다양하게 엄청 많이 있더라고요. 제주도 랍스타 맛집이라 불릴만한것 같아요. 랍스타가 어찌나 싱싱하던지 그뿐만아니라 킹크랩이랑 대게도 마찬가지 : ) ​ ​ ​ 제주도 랍스타 맛집...,2020-08-26 22:05:00+09:00,https://search2.kakaocdn.net/argon/130x130_85_c/Cemh9uwBBmY,배불리 먹은 제주도 랍스타 맛집,http://blog.naver.com/fleur_dodam/222071911967
태끼의 끼부리는 하루,"제주도 포스팅 이제 몇개 안남았슴니다 오늘은 제주도에서 먹은거 중에 제일 있어보이고 맛있었던 딱새우와 고등어회 포스팅 ~~!@~ 룰루~~ ​ 제주도 맛집, 제주 서귀포 맛집 &#39;섭지코지로&#39; 주소 : 제주 서귀포시 성산읍 섭지코지로 43 영업시간 : 12:00~23:00 ( 브레이크타임 15:00~17:00 낮주문마감 14:30 , 저녁주문마감...",2020-09-20 23:22:00+09:00,https://search4.kakaocdn.net/argon/130x130_85_c/4mR3vsV3nzM,제주도 여행 :: 제주도 맛집 &#39;섭지코지로&#39;,http://blog.naver.com/so3ozz/222094886227
★입질의 추억★,[제주도맛집] 도남오거리 식당 점심메뉴 돌솥쌈밥 지난달 제주도 낚시를 갔을 때 알게된 곳으로 제주도 현지인께서 추천해주신 식당입니다. 오후 5시까지 이용 가능한 점심메뉴로 가격대비 괜찮은 돌솥쌈밥. 오늘은 현지인이 알려준 제주도 맛집으로 갑니다. ＊카테고리 관련 글＊ ☞ 우울한 기분 한방에 날리는 모듬회...,2011-11-05 07:33:00+09:00,https://search2.kakaocdn.net/argon/130x130_85_c/3eKiBELRrkR,[제주도맛집] 도남오거리 식당 점심메뉴 돌솥쌈밥,http://slds2.tistory.com/677
돈맛캐슬,드실 수 있었습니다. # 마무리 &#34;고사리 식당&#34;은 제주도에 먼저 갔던 지인에게 추천 받아서 방문한 식당이었는데요. 짭조한 갈치조림과 푸짐한 기본찬이 맛있는 제주도 맛집이었습니다. 식당도 깔끔해서 쾌적하게 한끼 식사할 수 있어서 더 맛있게 먹고 온 것같네요. 제주도 갈치조림 맛집 찾으신다면 &#34;고사리 식당&#34; 추천...,2020-07-25 14:45:00+09:00,https://search2.kakaocdn.net/argon/130x130_85_c/Lt5csK0xGnt,[제주도 맛집] 고사리식당 - 제주도 갈치조림 맛집,http://jmtgogo.tistory.com/199
해피로미_blog,"​ 지난 제주여행에서의 둘째 날, 미리 알아두었던 제주도 협재 맛집에 다녀왔어요~!!! ​ 제주에서 3대째 이어오고 있다는 굉장히 유명한 향토음식 전문점이라 가는길부터 기대가 됐었는데요. ​ 이 날 방문한 독개물항은 협재해수욕장에서 차로 7분밖에 걸리지 않아서 금방 도착할 수 있었어요. 건물도 매우 큰 편이라 멀리...",2020-09-18 17:09:00+09:00,https://search4.kakaocdn.net/argon/130x130_85_c/2zKqkhHFlht,잊기힘든 제주도 협재 맛집,http://blog.naver.com/hoi_arumlove/222093123425
:: 천방지축 분홍꼬까신♥,요즘 한동안 여행을 못 갔더니 자꾸 예전에 다녀왔던 사진첩을 보게 되는 것 같아요 ㅎㅎ 그러다가 지난번 제주도 여행 때 다녀온 곳들이 있어서 오늘 제주도 서귀포 맛집 베스트 4곳을 소개해 보려고 하는데요 ㅎㅎ 가장 맛있게 먹었던 횟집부터 소개해드릴게요!ㅎㅎ ​ 바닷가라면 빠질 수 없는 횟집 제주도 갔을 때...,2020-09-02 13:58:00+09:00,https://search2.kakaocdn.net/argon/130x130_85_c/590DPXwvlUE,제주도 서귀포 맛집 베스트 4곳,http://blog.naver.com/baklady/222078164436
꿈꾸는 모래시계,"안녕하세요. 꿈꾸는 모래시계, 꿈모시입니다. 오늘은 #제주도맛집 #제주도성산맛집 #커큐민흑돼지 이야기 함께해요. 제주도 카페) 성산일출봉 뷰+천국의 계단,카페 오르다 안녕하세요. 꿈꾸는 모래시계, 꿈모시입니다.오늘은 #제주도카페 #성산일출봉뷰카페 #카페오르다 이야기 함... blog.naver.com 카페 오르다에서...",2020-09-04 19:00:00+09:00,https://search1.kakaocdn.net/argon/130x130_85_c/3lnQ4m97iJX,제주도 맛집) 커큐민 흑돼지,http://blog.naver.com/skan5422/222080427913
배움이 배가 되는 배가TV,"제주도 맛집 리스트 1탄 로컬 식당 솔직 리뷰 ​ 배움이 배가 되는 배가 TV 블로그에 오신 것을 환영합니다. 이번 리뷰는 제주도 맛집 리스트를 소개 드릴까 합니다. 3일간 제가 있으면서 직접 방문하고 먹어보고 그 느낌들에 대해서 간략하게 정리를 해드릴 테니까, 쭉 읽어보시고, 어느 정도의 예상을 하시고 방문...",2020-09-08 18:54:00+09:00,https://search2.kakaocdn.net/argon/130x130_85_c/CMg2u7Xvful,제주도 맛집 리스트 1탄 로컬 식당 솔직 리뷰,http://blog.naver.com/richdok/222083913740
일상 그리고 송영석,"젊은도 있고 , 만남도 있고, 추억도 있고,,, 여러분들 어떠신가요~? 저한테는 아주 뜻깊은 제주! 말그대로 제주도 입니다. 앞으로 소개 해드리고자 하는 제주도 맛집 여러곳 중에 하나인 타코밤은~ 제주안에 제주 바로 우도에 있습니다. 제주도 우도 맛집!! 제주도 우도 여행하며서 가장 중요한 팁을 드리자면!! 렌트카...",2019-04-16 10:58:00+09:00,https://search2.kakaocdn.net/argon/130x130_85_c/9V3161YfKj4,제주도 우도 맛집 타코밤 후기~!!!,http://dm-sys.tistory.com/25
감성 제주,"제주도 맛집, 순옥이네 전복물회 물회에 전복과 해삼이, 제주도라 가능한 비주얼 전복물회를 맛있게 한다는 소문에 한 번 가보자는 아내, 아무리 맛있어 봐야 전복물회보다는 제주도 사람 입맛에는 자리물회가 최고인데, 한치물회는 이제 다른 지방에서도 많이 구경할 수 있는 것 같고, 언제까지나 전통의 자리를 꿰차고...",2013-07-07 07:55:00+09:00,https://search3.kakaocdn.net/argon/130x130_85_c/B9fKPnhRMLt,"제주도 맛집, 순옥이네 전복물회",http://jejuin.tistory.com/1566
아임파인제주,제주도 해장국 맛집! 이열치열이 말이 떠오르는 시즌이죠?^^ 요며칠 제주는 초여름을 넘어선 날씨를 보이고 있는 것 같답니다ㅎㅎ 이럴 때일수록 몸보신 든든하게 하면서 여름을 대비해줘야! 함덕에 위치해 있는 고두물은 탕 요리로 유명한 오랜 맛집 중 하나! 사장님 손맛 좋기로 오래전부터 알려진 곳이라 가봤는데요...,2020-06-08 16:25:00+09:00,https://search2.kakaocdn.net/argon/130x130_85_c/KBgoQ9T9MYq,제주도 해장국 맛집 이열치열 땀내러 가기 좋은 고두물,http://tamla58.tistory.com/51
오늘만 세상,검색되는데 진짜 맛집은 장사가 너무 잘 돼서 어디 나오는 것을 그렇게 썩 원하지 않는다. 이번 제주에 갔을 때 아 ~이곳이 진짜로 제주도 맛집이 아닌가 싶었다. 이곳은 제주도 성읍 민속마을에 위치한 성읍 뚱보 식당인데 제주사람의 안내로 가게 되었는데 전통적인 제주사람들이 즐겨먹는 식사라고 한다. 이곳에서 밥...,2020-08-05 14:52:00+09:00,,제주도 맛집 뚱보 식당,http://blog.naver.com/junirina/222051923666
yes_social님의블로그,맞춰서 ​ 사람 적은 바닷가에 가서 초밥을 먹으면서 수다도 하고 오랜만에 놀기로 했죠! ㅋ_ㅋ 아.. 이 얼마나 오랜만에 나가는 바깥세상인지(?) ㅎㅎㅎ ​ 제주도초밥맛집 신조초밥에 전화를 걸어 a코스 예약 똬앜하고! 코스 3인분에 까까랑 이거저거 먹어야겠다 생각하고 출~발!!ㅎㅎ take-out 가능한 신조초밥 !! 외도에...,2020-09-22 23:17:00+09:00,,제주도초밥맛집 신조초밥,http://blog.naver.com/yes_social/222096909301
친절한지야씨 새로운 시작,제주도 애월 맛집 다녀온 후기 칠 사 돈 고기라면 역시 흑돼지 아니겠뉘? ​ ​ 이제 다시 시작입니다! 제주도 여행 포스팅을 하다가 말았는데요. 겨우 하나씩 쓰게 됐네요.. 원래 이런 건 이어서 바로바로 써야하는데; 벌써 기억이 가물가물합니다 휴.. 그래도 최대한 기억력을 끌어올려볼께요~ ​ 비행기까지 타고 왔다면...,2020-08-20 09:00:00+09:00,,입맛돋는 제주도 애월 맛집,http://blog.naver.com/maringo0510/222065248252
제주도 한달살기 테마여행,"제주도 치킨 맛집 보성시장 나주닭집 오늘은 제주도 한달살기 열넷째날... 오전부터 오름 두개를 오르고, 식사 대용으로 점찍어둔 제주도 치킨 맛집으로 향했습니다. 제주시에 위치한 나주닭집... 제주에서는 꽤나 유명한 오래된 닭집인데, 제주 보성시장내에 위치하고 있습니다. 개인적으로는 예전 제주여행을 시작...",2020-08-26 15:20:00+09:00,,제주도 치킨 맛집 다시 찾은 보성시장 나주닭집,http://jejujejugogo.tistory.com/173
# 1Day haru jeju,"Today : 2020.07.08 호강했던 제주도 해안도로 맛집 매일매일 여행 다니면서 살면 엄청 행복하고 좋겠단 생각이 드는 요즘. 이 생각이 들었던 때가 얼마 전, 제주도 여행을 다녀왔을 때인데요. 계획을 잘 짜서 인지 아니면 다녀온 곳마다 좋았던 곳이였던건지, 너무 좋고 행복하더라고요. 이제 곧 휴가철도 다가올텐데...",2020-07-08 10:45:00+09:00,,호강했던 제주도 해안도로 맛집,http://blog.naver.com/17fish/222024564237
누구도 모르는 공간,"수 있었다. 물론 맛은 평가할 필요조차 없이 매우 뛰어나다. 제주도를 여행하면 매번 종달수다뜰에서 식사를 하는데 한림칼국수도 나의 여행 맛집에 추가되었다. 제주도 구좌읍 맛집 종달수다뜰(전복돌솥밥, 성게미역국, 고등어구이) 5월 연휴 아이들과 함께한 4번째 제주도 여행이 시작되었다 제주도를 찾을때마다...",2020-09-28 11:21:00+09:00,,"한림칼국수, 진한 제주도 보말칼국수 맛집",http://klood.tistory.com/568
The 재미있게 살기 (더재살),시선을 끌었다. 고깃집임에도 위생관리를 철저하게 하는지 미끈거리는 기름때가 없었고 퀘퀘한 잡내가 나지 않아 마음에 들더라 ​ ​ ​ ​ 안쪽으로 들어가보면 단체석도 있었는데 프라이빗하게 식사를 하기에 알맞아 보였다 그리고 제주도 중문 맛집은 오전 9시부터 오후 10시 30분까지 브레이크 타임 없이 운영되고 있으니...,2020-09-18 17:57:00+09:00,,제주도 중문 맛집은 여기!,http://blog.naver.com/apexism/222093168350
아라댁리아,"얼마 전 가족들과 함께한 제주도 여행에서는 흑돼지의 품질이 끝내준다는 제주도 맛집에도 방문했어요. 고기뿐 아니라 다양한 요리까지 맛볼 수 있어 만족했던 곳이랍니다. ​ ​ 그렇게 찾아간 중문솥뚜껑은 유명한 주상절리에서 차를 타면 5분안에 도착할만큼 가깝게 위치하고 있어 쉽게 찾을 수 있었는데요, 건물의 색이...",2020-08-13 19:15:00+09:00,,남다르던 제주도 맛집,http://blog.naver.com/jhgeel/222059766831
Our daily life,여행 #제주도맛집 #제주도가볼만한곳 #제주도카페 #국내여행 #제주도 #여행지추천 #제주도비오는날 #제주도숙소 #제주도여행코스 #봄그리고가을리조트 #아모렉스리조트 #애월찜 #애월더선셋 #클랭블루 #신창풍차해안도로 #제주도수영장 #스테이솔티 #동문시장 #산도롱맨도롱 #마스크필수 #코로나19조심 2박3일 제주도...,2020-06-26 19:15:00+09:00,,"❤제주도여행,제주도맛집❤",http://blog.naver.com/dudghk0030/222013220645
Desperado of sanctuary,"수 있는 음식이 뭐가 있을까?&#34;라는 고민을 하다가 문득 생각나 찾아가게 되었던 해물라면 맛집을 소개해보도록 하겠습니다. 자, 구경 가보실까요~? 제주도 애월 맛집, 해물라면 전문점 제주와함께라면 영업시간: 매일 오전08:30 ~ 오후04:00 / 재료소진시 조기마감 / 9/29 ~ 10/1(추석 휴무) 주소: 제주 제주시 애월읍...",2020-09-21 17:10:00+09:00,,무난했던 해물라면 제주도 애월 맛집,http://rlacksdyd12.blog.me/222095549084
제주를 그리다,"곳이 있었으니 이곳이 바로 제주도 연동 차돌집! 저녁 7시가 넘어서 이곳을 찾는다면, 대기명부에 이름을 올려야 할지 모른다 ㅋ 차돌집 연동점이 제주도 소고기맛집으로 도민들에게 사랑받는 이유는 아마도 숯불에 구워 먹는 가성비 넘치는 소고기메뉴 때문이 아닌가 싶다 한우가 아니라 전부 미국, 호주산!! 부위는...",2020-05-19 22:48:00+09:00,,"제주도의 소고기 맛집, 연동 차돌집",http://jejusketch.tistory.com/39
하루달의 기록장,​ 친구와 함께 점차 쌀쌀해지는 날씨에 기력회복을 위해 제주도 서귀포 맛집을 찾았어요. 몸에 좋은 재료가 듬뿍 들어가 잃었던 입맛까지 되찾아준곳이라 소개합니다. SK엔크린 서귀주유소 제주특별자치도 서귀포시 서귀동 218-2 주소 : 제주특별자치도 서귀포시 동홍동 393-9 (서귀포 중학교 옆) 연락처 : 064-733-0345...,2020-09-28 21:20:00+09:00,,심쿵했던 제주도 서귀포 맛집 리스트,http://jjjina92.blog.me/222102257642
아임파인제주,"있구요^^ 한라산에다 푸른 숲 풍경까지 눈호강 제래도 했답니다ㅋㅋㅋ 사이즈부터 장난아닌 황금빅버거! 제주도 빅버거 맛집!ㅎㅎ 일단 가성비가 좋기도 했지만 맛도 구성도 너무 좋았던 것 같아요~ 누구랑 가든지 든든하고 기분좋게 먹을 수 있는 버거집&#39;-&#39; 제주여행에서 수제버거를 먹고 싶으시다면, 원픽하셔야...",2020-04-07 12:54:00+09:00,,제주도 빅버거 맛집 수제로 즐기는 리얼 이색버거~,http://tamla58.tistory.com/38
"요니의 아무거나 마구마구,",ㅎㅎㅎ #혼밥 하기도 딱 좋습니다 창문에 붙어있는 사랑고백 귀여운 김밥 사진 인테리어를 마지막으로 김만복 포스팅을 마칩니다!!! #제주도여행 을 계획하고 있으시면 #애월맛집 제주김만복으로 고고고 블린이는 오늘도 이만 총총... 봐주셔서 감사합니다 영업시간 : 매일 9:30 - 20:00 재료 소진시 마감 주차 가능...,2020-09-27 16:44:00+09:00,,"제주도 맛집, 애월 맛집 &#34;김만복 김밥&#34;",http://blog.naver.com/gpdus3193/222101022514
현님의 달달한 블로그,안녕하세요! 제주도에는 정말 많은 맛집이 있는데 먹어보고 괜찮았던 곳들만 추려보았어요. 그럼 서론은 생략하고 본격적으로 내가 꼽은 제주도 맛집 리스트 Top5를 소개할게요 : ) ​ 1. 돈사돈 돈사돈 제주특별자치도 제주시 우평로 19 064-746-8989 제주 제주시 우평로 19 매일 12:00 - 22:00 둘째.넷째 화요일 휴무 첫...,2020-09-09 15:33:00+09:00,,내가 꼽은 제주도 맛집 리스트 Top 5,http://blog.naver.com/gusgml1551/222084735186
김진향 공식 블로그,제주도 맛집 이춘옥원조고등어쌈밥 정말 집밥먹는 기분이에요 ㅋㅋ 안녕하세요 ! 남자친구와 여행을 오게 된 곳은 바로 제주도에요 ~ 사실 남자친구가 제주도가 고향이기도 하고 한번 같이 가봤음 좋겠다라고 하길래 이번에 시간을 맞춰 방문을 하게 되었는데요 ! 남자친구가 살았던 추억의 장소와 학교도 가보고 정말...,2020-01-27 00:57:00+09:00,,제주도 맛집 이춘옥원조고등어쌈밥,http://manyclever.tistory.com/3
정보공유마당,제주도맛집 : 갈치 맛있는곳 색달식당 중문본점 안녕하세요 꾸미입니다! 오늘은 제주도 맛집 색달식당 중문본점 리뷰입니다 ㅎㅎ 색달식당은 중문관광단지에서 1분거리에 위치한 식당이에요 중문관광단지에서 차로 2~3분거리에있어서 아침식사하러왔답니다 ㅎㅎ ​ 입구에 손소독제도 배치되어있네요 요즘 같은 시기에...,2020-09-15 13:05:00+09:00,,제주도맛집 : 갈치 맛있는곳 색달식당 중문본점,http://blog.naver.com/god040277/222090002587
너렁이와 꽁냥이의 일상,집과는 색다른 식감을 즐길 수 있어요! 정말 차원이 다른 식감이죠~ ^^ 주인의 음식에 대한 고집과 맛에 대한 정성을 느낄 수 있는! 부분이랍니다!!! ​ 제주도 맛집인 색달식당은 오랜 기간 동안의 노하우를 가지고 있는 전통! 음식점이에요~!. ​ ​ 중문관광단지에서 1분 거리에 위치해 있어요 게다가 픽업도 해주셔서 방문...,2020-06-23 19:04:00+09:00,,제주도 맛집 색달식당,http://blog.naver.com/rlaapswl/222010029242
제주 여행의 시작 셀소맛과 함께,제주도 해물탕 맛집 든든해 안녕하세요. 이번에 점심식사를 하기위해 제주도 해물탕 맛집을 방문했어요. ​ 매번 집에서 밥을 해먹다가 오랜만에 산책도 할겸해서 용담해안도로 근처에서 환상적인 바다뷰도보고 바로 앞에있는 전주횟집을 가게 되었어요. 여기가 바로 앞에 경치가 좋다보니 항상 힐링을 하고 밥을 먹으로...,2020-09-02 20:08:00+09:00,,제주도 해물탕 맛집 든든해,http://blog.naver.com/tpfth/222078514473
모아 & 모지리,안녕하세요~ 모아입니다^^ 오늘 모아가 추천 할 맛집은 바로 제주도 애월읍에 위치한 &#39;연월돈까스&#39; 입니다. 제주도 연월돈까스는 모아와 모지리의 제주도 즉흥 여행 중 우연히 찾은 맛집인데요!! 요즘 제주도 맛집을 검색하면 돈까스가 은근 많이 나오더라구요~ 아마 흑돼지돈까스가 매스컴을 많이 탄 것 같아요! 제주도...,2020-06-15 22:43:00+09:00,,제주도 애월맛집!! 연월돈까스 강추,http://manzzin.tistory.com/137
프로먹방러♥,"포장만 된다고 하니 참고 &gt;.&lt;* #제주도 #맛집 #제주도맛집 #김만복김밥본점 #김만복김밥 #제주도김만복김밥 ♥ ​ ​ 이렇게 한명씩 대기 줄 서서 웨이팅 하면 받을 수 있고, 주문은 바로 앞에 있는 기계에서 하면 됨 ! 그리고 빠르게 나오기 때문에 웨이팅은 그렇게 길지 않음 #제주도 #맛집 #제주도맛집 #김만복김밥본점...",2020-10-02 08:21:00+09:00,,제주도 맛집 김만복김밥 본점,http://blog.naver.com/pmyosu/222104810399
테리아 : 세계여행에 나를 던지다 여행 맛집 리뷰,그리고 서귀포쪽만 돌아보면서 먹다보니 제주도 북쪽과 남쪽 맛집으로 만들어봤습니다. 제주도 남쪽에 위치하고 있는 서귀포쪽 유명한 횟집 중에 하나여서 제주도맛집리스트 베스트5 중에 하나로 넣어봤습니다. 제주도에 가는 친구가 서귀포쪽에서 먹을만한 곳을 물어볼 때는 여기에 가보라고 권하는 곳이기도 합니다...,2020-08-22 19:07:00+09:00,,먹기좋은 제주도맛집리스트 베스트5,http://blog.naver.com/tmddlf/222067892750
작은 것들까지 사랑하기.,몇일 전에 제주도에서 친한 친구와 친목도모를 위한 시간을 가졌어요 특히 제주도 동쪽 맛집으로 유명하다는 식당을 찾아갔다가 맛깔진 향토 음식으로 든든하고 실속있는 한끼를 먹고 돌아올 수 있었습니다 1저희는 성산일출봉에서 차로 출발했는데 식당까지 15분 정도 소요되어 도착했습니다 외관은 감성적인 느낌이...,2020-08-14 10:00:00+09:00,,제주도 동쪽 맛집 예뻐라!,http://blog.naver.com/stitch6260/222059644431
트래블러버의 맛있는 여행,저한테는 딱인 메뉴선택이었어요. 차 타고 시계 방향으로 뱅 돌다 보면 만날 수 있는 구좌읍~ 예전에는 별거 없었던 거 같은데 최근에는 이쪽 동네에도 제주도 맛집들이 하나 둘 생겨나더라고요. 찜 꽁해뒀던 곳이 몇 곳 있었지만 날씨도 좋고 회도 당기고 그래서 회 국숫집으로 바로 직진! ​ ​ ​ ​ 제주도 곰막식당은 제주...,2020-04-17 07:00:00+09:00,,제주도 회국수 맛집 - 곰막,http://blog.naver.com/wlsgml850/221911150184
맛있는 현미밥,"먹었다. 김치찌개 7천원인데 고기 낭낭하게 들어있어서 혹시 소주 좋아하시면 괜찮을 듯했다. 난 술 잘 못해서 그냥 사이다랑 먹음. 추천해주는 방식이 여러개있는데, 씻은김치에 멜젓이랑 먹는게 젤 맛있었다. ​ #제주도흑돼지 #제주도흑돼지맛집 #저팔계깡통연탄구이 저팔계깡통연탄구이 제주특별자치도 제주시 조천읍...",2020-07-05 15:29:00+09:00,,"[제주도 맛집리스트 공유] 제주도 퇴사여행, 떠나요 제주도~♬",http://blog.naver.com/empty2032/222021711858
평범한 듯 평범하지 않은 일상,"해놓으니 언제든지 꺼내볼 수 있고 참 좋네요. 다음에 코로나가 종식되고 제주도에 간다면 아주 그냥 더 미친 듯이 놀다 올 겁니다. 이번에 포스팅할 제주도 맛집은 바로 표선 칼국수입니다. 저희가 묵었던 해비치 리조트 호텔 근처에 있는 식당이라서 가깝기도 했고, 보말이라는 식재료가 평소에 굉장히 궁금했거든요...",2020-09-04 15:11:00+09:00,,"# 제주도 표선 맛집, 보말죽과 보말 칼국수가 맛있었던 &#39;표선 칼국수&#39;",http://dreamcatcherfuture.tistory.com/146
뚠이의 블로그,당:) 제가 #제주도여행 할때 가봤던 제주도맛집! #가시아방고기국수 후기를 알려드리려해용~ 저희는 숙소에서 푹 자고 펜션아저씨가 맛있다며 소개해주신 제주도맛집 가시아방으로 바로 출발! 저희는 원래 고기국수는 별로 안좋아해서 갈까말까 고민했었는데 전날 펜션아저씨가 추천해주셨으니 한번 가보자해서 가게된...,2020-07-20 08:41:00+09:00,,제주도맛집 가시아방고기국수,http://blog.naver.com/rlatnwjd5183/222035870338
사카린 피아노,​ ​ (느림의 민족..) 지난달 여행을 하나하나 천천히 쓰다보니 이제서야 남기는 제주도 맛집 포스팅.. 제주도에 왜 갔냐!! 물어보신다면 당연히 먹으러 갔다!! 라고 할 수 있을 정도로 보고 온 건 별로 없고 (긁적) 차 안에서 시간 많이 날리고~ (사방 팔방 다님) 열심히 먹고 온 여행! 그게 바로 사카린 표 여행이 아닌가...,2020-01-14 18:24:00+09:00,,우수했던 제주도 맛집,http://blog.naver.com/saccharin_/221771608214
제주를 다모앙,​ ​ ​ 제주도 떡볶이 맛집 ​ 다모앙제주 맘대로 뽑아본 제주도 떡볶이 맛집!! ​ 매일매일 먹어도 또 먹고 싶다 노래 부르는 떡볶이 덕후들이 모여 만든 회사가 또 다모앙제주거든요. ㅋㅋㅋㅋ ​ 제주도 내에 어떤 떡볶이 집들이 나올지 다 함께 살펴볼까요? ​ 고고고!!! #말이 ​ ​ 다양한 주류와 함께 떡볶이를 즐길 수 있는 곳...,2020-02-18 00:02:00+09:00,,제주도 떡볶이 맛집 베스트,http://blog.damoang.com/221813091346
우아한 아들셋 엄마의 블로그,"얼마 전 지인들과 함께 제주 여행을 갔다가 제주도 맛집에서 푸짐한 식사를 하고 왔어요. 여긴 가격이 저렴함에도 양도 푸짐하고 해산물이 신선해서 만족하였기에 소개합니다. 1. 제주도 횟집: 동문올레수산 딱새우물회 10,000원 성게국 10,000원 옥돔구이 20,000원 이번에 방문한 동문 올레수산은 제주항 연안 여객...",2020-10-02 08:07:00+09:00,,최고였던 제주도 맛집 모음,http://blog.naver.com/sweetservant/222104806075
리얼제주,놓친 사진으로 올리는 듯해요 며칠 전에 다녀왔던 곳인데 이제서야 하나씩 올리네요 ​ 요즘 먹을만한 곳이 많아 가는 것도 고민이 많은데요 자주 가는 제주도 돈까스 맛집이 있어 소개하려고 해요 ​ 시내보다는 애월에 위치한 곳이지만 한적해서 좋은 곳 우리가 다녀왔던 곳은 바로 고내에 위치한 잇수다에요 ​ ​ ​ 잇수다는...,2020-06-04 10:23:00+09:00,https://search2.kakaocdn.net/argon/130x130_85_c/3oZIV5vV43i,제주도 돈까스 맛집 잇수다,http://blog.naver.com/luv_jeju/221989551545
상남자의 예민한그날,제주로 가족들이랑 휴가 간다고 했더니 친구가 갈치조림 맛있다며 가게 되면 꼭 제주도 한림 맛집에 들러보라고 권유를 해줘서 방문했던 식당이 있는데 진짜 맛있었어요. 독개물항이라고 하는 식당인데 협재해수욕장에서 차로 5분 걸렸어요. 멀리서도 알아볼 수 있을 정도로 건물이 굉장히 컸고 멀리서도 쉽게 알아볼 수...,2020-09-16 15:34:00+09:00,https://search2.kakaocdn.net/argon/130x130_85_c/BgNLq3dCVqk,제주도 한림 맛집 갈치 요리!,http://blog.naver.com/rum78944/222091105454
# 1Day haru jeju,Today : 2020.09.07 아침에도 딱! ​ 지난 주에 토평동에 사는 친구집에 놀러갔다가 제주도 쇠소깍 맛집에도 들렀어요. 퀄리티 높은 전복요리부터 깔끔한 밑반찬까지 모든게 만족스러웠던 곳이라 소개해드리려고요. 이 날 찾아간 오가네전복설렁탕은 쇠소깍에서 차로 10분 정도 떨어져 있었어요. 심플한 간판에는 블링한...,2020-09-07 16:41:00+09:00,https://search4.kakaocdn.net/argon/130x130_85_c/BcyEipunCss,감동만땅 제주도 쇠소깍 맛집,http://blog.naver.com/17fish/222082773260
효니K DB,휴가는 코로나바이러스 때문에 해외보다는 국내로 특히 제주도로 정하시는 분들 많으실텐데요! 제주도 먹거리와 볼거리들을 지역별로 추천드리려 합니다~~ ( ①...또 가려구요 ㅎㅎ ① 제주시 1) 어마장장 - 동문시장 인근 전복해물탕 맛집 오픈이 9시 30분인데 재료 소진 시 마감이에요 제주도 왔으면 해물 맛봐야겠죠...,2020-08-19 16:07:00+09:00,https://search2.kakaocdn.net/argon/130x130_85_c/BRmd0Fc9RUn,"[제주도 여행/제주도 맛집] 제주도 핫플레이스, 맛집 추천 - ① 제주시",http://kjhdailygood.tistory.com/55
레브유의 기록 노트,"여행=맛집탐방 이라는 공식이 생각날 정도로 맛있는 음식이 빠질 수 없잖아요. 오늘 소개할 맛난 음식은 중국음식이에요! ​ ​ 제주도 애월읍에 위치한 &#34;애월성&#34; 이라는 맛집을 찾아갔어요. ​ ​ 제주도 맛집 1위라고 해도 손색이 없을 정도라고 하길래 기대 반, 설렘 반 하는 마음으로 들어갔는데요. 맛집은 약간 그 느낌...",2020-09-23 13:03:00+09:00,https://search1.kakaocdn.net/argon/130x130_85_c/1vKRX4ZPns7,제주도 짬뽕으로 유명한 제주도현지인 맛집 애월성,http://blog.naver.com/lhll0228/222097397524
맛집깡패~♥,"내렸는데, 저희가 방문한 우도아름다운소풍은 하우목동항에서 버스로는 약 5분, 도보로는 약 15분 거리 1층에 위치한 곳이라 찾아가기 쉽더라고요. 제주도 우도 맛집은 관광객들 사이에서 거의 필수코스일 만큼 유명한 짬뽕 맛집답게 강렬한 표지판도 세워져 있었어요. 전 여기가 짬뽕 말고도 다른 독특한 메뉴들을 함께...",2020-04-18 06:00:00+09:00,https://search4.kakaocdn.net/argon/130x130_85_c/1f1hHhSKRi3,제주도 우도 맛집 흡족!,http://blog.naver.com/skillsun/221912796645
케이와니스토리 블로그,눈치보였어요;;;; 요즘 확실히 주변에 제주도를 여행하는 사람들이 많아 그런지 제주도 맛집 관련한 프로그램을 매스컴에서 많이 하는거 같았어요!!! 제주도 라면 맛집 식과함께에서는 라면 말고도 다양한 음식을 함께 판매하고 있었습니다. ​ 주변지인을 통해 알게 되어 방문했는데 다음에 이곳에 다시 방문하게 되면...,2020-09-06 21:47:00+09:00,https://search2.kakaocdn.net/argon/130x130_85_c/B5OD9wTFzvt,제주도 라면 맛집 : 식과함께 다녀왔어요,http://blog.naver.com/diek3100/222082041564
The 재미있게 살기 (더재살),​ 본격적으로 든든하게 몸보신을 하고 싶어 제주도 맛집에 방문을 했다. 싱싱한 해산물들만 사용한 갈치조림을 먹을 수 있어 만족스러웠던 곳이다. 이 날 방문한 어가는 부영 아파트에서 멀지 않았고 공항에서도 자차로 15분정도면 도착할 수 있는 곳에 있었다. 오픈 시간도 오전 7시부터인지라 아침식사도 여유롭게 가능...,2020-05-09 11:46:00+09:00,https://search2.kakaocdn.net/argon/130x130_85_c/GtPYQeugK5Q,호강했던 제주도 맛집,http://blog.naver.com/apexism/221953353121
Eunji's Blog,"🧡제주도 맛집, 카페 총 정리 대방출🧡 START ( 총 10군데 🍽 ) ​ ​ ​ 1. 갈치조림 : 고객식당 ⭐️⭐️⭐️⭐️ (갈치 통통함/무가 잘 익음/리뷰 많음) 고객식당 제주특별자치도 제주시 이도일동 1429 ​ ​ ​ 2. 흑돼지 : 돈사돈⭐️⭐️⭐️⭐️⭐️ (구워줌/ 직원분들의 정성과 경험으로 인해 딱 맛있게 익었을때 먹을 수 있음 고로 오겹살의 쫀득함을...",2020-08-21 16:35:00+09:00,https://search1.kakaocdn.net/argon/130x130_85_c/KkuQENqHb4K,"제주도 맛집, 카페 총 정리🍊🧡",http://blog.naver.com/no53688aaa/222066956661
Veteran_,제주의 발리라는 펜션 비와서 썬베드는 이용못함 아쉽 근데 펜션 기가막히다 👍👍👍 ​ 휴양이란 이런것 ​ 이곳이 바로 그 유명한 #수요미식회 #제주도맛집 원핏 #생갈비 #맛집 해심가든입니다만 ​ 비가왔고 주차자리도 넉넉하지 않아요 옆 농협이나 근처에 주차하는게 편할 듯해요 ​ 우리는 역시 오늘도 사전에 미리 전화해서...,2020-06-17 15:50:00+09:00,https://search4.kakaocdn.net/argon/130x130_85_c/JLCnE8ZwkTm,제주도 맛집 _ 해심가든,http://blog.naver.com/kansler/222003786971
플라워의 옹알쫑알 블로그♥,제주도 한담해안산책로 너무 이쁘고 좋아용 :) 걷다가 유명한 봄날카페에서 차한잔도 했어용 히힛 호텔에서 늦잠 실컷 자고 일어나 해안도로 산책 *.* 또 카페에서 차한잔 하며 여유롭게 지내다가 이른 저녁에 제주도 다금바리 맛집 용연횟집 들렀어요 !!! ​ 제주공항 근처 연동에 위치한 용연횟집 ^0^ 제주 현지인 맛집...,2020-08-16 16:17:00+09:00,https://search3.kakaocdn.net/argon/130x130_85_c/CznhcEE0ezt,제주도 다금바리 맛집 제주공항근처횟집 용연횟집:),http://kyeong90188.blog.me/222062185415
Bring it on,"제가 가장 사랑하는 국내여행지 제주도 맛집 리스트를 작성하려 합니다 블로그 시작 전 다녀온 곳이라, 사진은 많이 빈약하지만 솔직하게 리뷰해보겠습니다 ^^ 제주도 전복 돌솥밥 맛집 &lt;명진전복&gt; ★★★★☆ 별 네개 수요미식회에도 나온 명실상부 전복 돌솥밥 맛집이죠? 명진전복 입니다. 워낙 유명한 맛집이다 보니...",2020-03-09 20:25:00+09:00,https://search4.kakaocdn.net/argon/130x130_85_c/56fVsddtyUd,제주도 맛집 리스트 내돈주고 내가먹은 솔직 리뷰,http://dosomething1018.tistory.com/57
븧로그_,사장님이 고기꾸워주시면서 맛집들도 추천해주시고 너무 좋았어요ㅎㅎㅎ ​ “다음에 제주도 간다면 정말 꼭 또 가고싶어요 !!” 제주도 만지식당 두번째 맛집은 애월에 위치한 돈까스 맛집인데요!! ​ 돈까스 드실거면 여기를 꼭 꼭!!가보세요 ​ 만지식당 제주특별자치도 제주시 애월읍 고내리 1039-4 남편이랑 애월읍 숙소...,2020-08-05 15:36:00+09:00,https://search3.kakaocdn.net/argon/130x130_85_c/BrxThg63ZRU,제주도 맛집만 모았다!! 제주 맛집리스트 🔥,http://blog.naver.com/031701/222051966283
달콤하게 행복하게,"우리의 베스트 오브 베스트 맛집! #제주도맛집추천 #제주예찬 -수달공주- ​ 제주여행 또가고싶네요. 참 좋았는데 말이죠. 그 곳만의 바람과 풍경. 그리고 맛. ​ 항상 여행가면 일주일씩은 갔었는데, 이번엔 결혼식 참석때문에 간거라서 주말 결혼식 이후 딱 이틀. ​ 일이 많아서 일정을 길게 못잡아서 여유가 이틀이었는데...",2020-06-01 08:00:00+09:00,https://search4.kakaocdn.net/argon/130x130_85_c/DHclLFKdiBm,제주도 맛집 추천 최고였던 곳,http://blog.naver.com/iloveran81/221985593074
허니패밀리♬,조카와 함께 제주도에 힐링하러 떠났던 지난 주말. 뭘 먹어야 좋을까 고민에 빠졌다가 해산물비빔밥을 주력으로 한다는 제주도 맛집이 레이더에 걸렸어요. 딱 요거다 싶은 필이 와서 다녀왔는데 재방문의사 100%! ​ ​ 혹시나 멀면 안되니까 출발 전에 네비 찍어봤는데 협재포구에서 차로는 1분도 안걸릴 거리라 띠용...,2020-04-04 02:09:00+09:00,https://search1.kakaocdn.net/argon/130x130_85_c/4K7ATqv65b,탁월했던 제주도 맛집,http://worldbest85.blog.me/221889645117
다온맘,"많은 음식을 어떻게 다 먹을 수 있었을까 의문이 들기도 하지만, 생각해보면 음식 맛이 하나같이 맛있어서 그럴 수 있지 않았을까 생각해보고 있어요. ​ ​ 제주도 맛집답게 양도 얼마나 푸짐하던지요, 정말 저희 이날 서로가 배 터질까 걱정하기도 했다니까요. ​ 그런데 배불러도 자꾸 들어가고, 땡기는 음식들이라서...",2020-06-24 21:32:00+09:00,https://search3.kakaocdn.net/argon/130x130_85_c/BVupJ3pKLvD,제주도 용두암 맛집 회정식 먹었어용,http://blog.naver.com/entjddlek/222011209130
술마시는 블로거 항상웃는,얼마 전에 친한 지인들과 제주도까지 간 김에 산해진미를 먹고 왔어요. 워터 에이징으로 고기를 숙성시키는 곳이었는데 쫄깃했던 육질에 반해 제주도 맛집으로 인정했답니다. ​ ​ 이날 방문한 제주육대표는 공항과 근접한 위치라 차로 5분이면 도착하더라고요. 주차장도 큼직한 규모를 보유하고 있어 관광객들에게...,2020-03-26 11:39:00+09:00,https://search2.kakaocdn.net/argon/130x130_85_c/AgKZSo3AL7r,첫날부터 미쳤던 제주도 맛집!,http://blog.naver.com/jysmilee/221873879406
감성 제주,"하고 얼음위에 올려놓은 여러 가지 과일들은 자칫 부족할 수 있는 영양소를 보충해주는 역할을 해주기도 하는데요. 대한민국 여행 일번지인 제주도라고 해서 항상 맛집만 찾아다닐 수는 없는 노릇, 때문에 요즘 같은 여름철 사람들로부터 가장 많이 추천받는 먹거리는 당연 빙수라고 할 수 있습니다. 단지 더위를...",2013-07-24 07:27:00+09:00,https://search2.kakaocdn.net/argon/130x130_85_c/B2RgtCT04WU,"제주도맛집, 빠빠라기 세숫대야 팥빙수",http://jejuin.tistory.com/1570
봄바람,우연히 식당 하나를 발견하게 되었는데 이곳이 아직도 그렇게 생각이 많이 날 뿐더러 정말 제주에서 먹는 고기가 맛있다는 걸 알게 해 주었던 역대급 제주도 서귀포 맛집 이었답니다. 저희 가족은 이곳 저곳 구경을 다니다가 제일 가보고 싶던 올레시장에 들렀고 계속 돌아다니며 수다를 떨다 보니까 배가 너무 고파...,2020-10-03 12:23:00+09:00,https://search3.kakaocdn.net/argon/130x130_85_c/A7eSnBqIsHQ,매력있던 제주도 서귀포 맛집,http://blog.naver.com/wkshla3d9/222105571204
연이의 달콤한 집,들어갔습니다. 작은 정원처럼 꾸며져있었고 무엇보다 소의 모형이 기억에 남았어요. 입구는 계단을 살짝 올라오면 들어올 수 있어요. 문 앞에는 이렇게 방문한 연예인들의 싸인도 있었답니다. 벽 한면을 가득 채울 정도라 어떤 맛일지 기대가 됐어요. 흑소랑은 흑우를 제대로 즐길 수 있는 제주도 맛집이랍니다. 가열에...,2020-01-28 07:00:00+09:00,https://search1.kakaocdn.net/argon/130x130_85_c/HROvgvfnDym,제주도 맛집 질 좋음,http://blog.naver.com/seongyeun/221787068856
노는게 제일 좋은 네일리스트 일상 ♥,마치고 보니 여기는 MBC 프로그램에도 방영된 곳이었어요. 고개를 절로 끄덕이게 하는 맛이라서 방송에 소개된 것도 당연하게 느껴졌답니다. ​ 이렇게 제주도 말고기 맛집인 영주말가든에서 맛있고 풍족한 코스 요리를 즐겨봤는데요. 누구에게나 자신있게 소개할 수 있을 만큼 근래 먹었던 것 중 가장 만족스러운 한끼...,2020-09-24 10:00:00+09:00,,인상적인 제주도 말고기 맛집 소개!,http://blog.naver.com/missgyul/222097885635
마법 빗자루......,점심식사로 미리 검색해서 예약했던 유명한 말요리전문점에 방문했는데 현지에서 직접 공수한 퀄리티 높은 재료로 만든 다채로운 요리에 만족했던 제주도 말고기 맛집을 소개해드려요. ​ ​ 함덕해수욕장 구경하고 출발했는데 차로 5분정도 걸리는 접근성이 좋은 위치였어요. 도로변 왼쪽에 높게 솟은 하얀색 입간판이 보여...,2020-08-18 21:09:00+09:00,,끝내줬던 제주도 말고기 맛집,http://blog.naver.com/hai33/222064188829
천진낭만생활,제주도 중문 맛집 추천 &lt;고집돌우럭&gt; 매일 10:00 ~ 21:00 라스트오더 20:00 / 브레이크타임 15:00~17:00 신라호텔에서 아침 수영 후 체크 아웃하고 산책까지 하고 나니 조식은 이미 온데간데 없이 사라졌는지 허기가 지더라고요. 바로 근처에 제주도 맛집 of 맛집이라고 불리는 바로 그 곳 &lt;고집돌우럭&gt;에 가기로...,2019-08-23 02:38:00+09:00,,제주도 중문 맛집 &lt;고집돌우럭&gt;,http://songus.tistory.com/291
clolep,"제주도맛집 갈비밥 구좌상회 이웃님들 , 아침까진 날씨가 괜찮았던것 같았는데 갑자기 비가 오네요. 우산들 잘 챙겨 나가셨나요? 이번 주말에 간만에 얼굴에 분칠하고 꽃놀이 가려 했건만.. 다 떨어 지려나요. ㅠ 그래도 오랜만에 들리는 봄비 소리 넘 좋네요. 제주도맛집 갈비밥 저는 일전에 갔던 제주도맛집 소개 하나...",2017-04-14 13:45:00+09:00,,제주도맛집,http://blog.naver.com/badsky0614/220983153008
생활을 여행처럼~ 여행을 생활처럼~,"제주도에 가면 뭘 먹어야 하나~ 처음가는 제주도가 아니라서.... 요즘 유행하는 맛집은 어디인가 탐색에 탐색하여 갔지만.. 코로나19로 인하여 임시휴업한 식당도 있고 해서 뜻하지 않은 곳에서 식사를 하기도 했지만... ​ 괜찮았던 곳만 추려 올려봅니다. ​ 김희선 제주몸국 공항근처에 위치하여, 제주도 도착하는 날이나...",2020-10-11 15:13:00+09:00,,제주도 맛집을 다녀오다,http://blog.naver.com/sumi104/222112534986
엔플의일상~,보기 www.instagram.com 제가 운영하는 비건베이커리예요♡ 팔로워는 사랑입니다~♡ ​ ​ ​ ​ 제주도 순옥이네명가 제점수는요~별 별다섯개예요!! ​ 다섯개만점~😍 ​ 블로그쓰면서 배가 고프네요 꼬르르륵^^ ​ 이웃님들 즐거운 토요일 보내세요~♡ #제주도맛집#제주도물회맛집#제주도순옥이네명가#순옥이네명가#순옥이네명가물회,2020-10-10 17:33:00+09:00,,제주도물회맛집 [순옥이네명가] 제주도맛집추천,http://blog.naver.com/skdiqwjd/222111926607
부의방정식,며칠 전 가족들과 함께 동문시장에 방문했다가 기가 막힌 제주도 맛집도 다녀왔어요. 바다 향취를 머금은 회는 물론이고 여러 가지 향토음식까지 취했던 곳이라 감명 깊은 날이었답니다. 1. 제주도 동문올레수산 수민상회 제주특별자치도 제주시 오현길 78-2 주소 : 제주 제주시 관덕로 14길10 번호 : 064-752-5657...,2020-10-09 07:00:00+09:00,,찰지게 먹은 제주도 맛집 모음집,http://blog.naver.com/88boo/222110737494
fantastic제주♡,안녕하세요 판타스틱 제주입니다^^ 7월 중순 쯤에 친구들과 여름휴가를 다녀왔는데 가기 전 추천 받은 제주도 맛집 리스트를 따라 먹방여행을 즐겼습니다. 워터에이징으로 숙성시킨 특별한 흑돼지를 맛본 곳인데요. 위치도 좋고 분위기도 마음에 들었습니다. 제가 방문했던 곳은 중문솥뚜껑이라는 곳이었는데 색달...,2020-07-31 11:24:00+09:00,,제주도 맛집 리스트 완성,http://blog.naver.com/green2house/222047082862
오늘도 두잔하지만 그러다 두병되지,매일 09:00 - 21:30 가족들과 함께 간 여행은 알차고 재밌었어요. 물론 그러기 위해 여러 곳을 알아봤는데 특히 특별한 갈치요리를 먹어볼 수 있었던 제주도 섭지코지 맛집을 너무 좋아해주시더라고요. 가서 갈치구이와 갈치조림을 먹고 왔거든요. 이 두가지 음식이 배를 두둑하게 채울 수 있게 해줬는데요. 혼자 밥 두...,2020-09-22 10:21:00+09:00,,알찼던 제주도 섭지코지 맛집,http://blog.naver.com/asianpride83/222096173235
U:DALLEE,다리가 너무 아파요 ...온몸이 너무 뿌셔질거 같아요 ㅠㅠ) ​ 한라산!! 온갖 제주도의 오름들!!! 송악산!! 까지 완주하면서 정말 원없이 제주도를 느끼고 왔네요~! ​ 오늘 소개드릴 맛집!! 은 집에 돌아가기 전 공항근처에 렌트카를 반납하면서 우연히 들러본 &#34;도리식당&#34; 꽤 오래되었고 지금 리모델링해서 그렇지 #일박...,2020-04-23 13:17:00+09:00,,[제주도/맛집]도리식당,http://m00ns2.blog.me/221924472266
꿈꾸는 모래시계,"안녕하세요. 꿈꾸는 모래시계, 꿈모시입니다. 오늘은 #제주도맛집 #갈치조림맛집 #제갈양 이야기 함께해요. 제주도 펜션) JEJU dam SPAVILL/제주담스파빌 안녕하세요. 꿈꾸는 모래시계, 꿈모시입니다.오늘은 #제주도펜션 #제주애월펜션 #제주담스파빌 이야기 함께... blog.naver.com 제주도 여행 둘째 날, 저녁식사 메뉴...",2020-07-22 17:00:00+09:00,,"제주도 맛집) 가시없는 갈치조림,제갈양",http://blog.naver.com/skan5422/222037489513
"즐거운 세상, 즐거운 제주!",며칠전 휴가차 제주도 애월에 놀러온 친구와 점심식사 하러 들렀던 제주도 애월 맛집이 있어요. 끝내주는 오션뷰와 함께 즐겼던 푹 쪄낸 고등어묵은지찜이 아직까지 잊혀지지 않아 꼭 소개를 하고 싶었어요. ​ ​ 1. 20년 전통 애월읍 대표 맛집 이춘옥원조고등어쌈밥주차장 제주특별자치도 제주시 애월읍 일주서로 7209...,2020-09-02 13:34:00+09:00,,제주도 애월 맛집 역대급 순위,http://funtheme.blog.me/222078141225
로렌과 오뚜막,토대로 리스트를 만들어 보았어요~ 제주도로 맛집여행을 떠날 계획을 하고 계시면 참고하시면 도움이 되실듯.. 1. 경미휴게소 해물라면 제주도 여행가서 가장 많이 찾았던 맛집입니다. 한번 갔던 곳은 사실 왠만하면 잘 가지 않는 편인데(워낙 맛집들이 많아서 다 가보기도 힘듬) 이곳은 벌써 3번이나 다녀왔습니다...,2014-04-30 15:13:00+09:00,,제주도 맛집 리스트 10곳! 맛집여행을 떠나보세요~,http://gong6587.tistory.com/1496
솔커벨의 진솔한 이야기,내리는 날이었어요~ 송당오두막은 유명한 돈까스 맛집이라 원래 줄을 서서 들어가야한답니다 ㅠ.ㅠ 하지만 코로나영향인지 이 날은 한적해서 프리패스! 아담한...뭐랄까.. 넘사벽 ㅠㅠ!! 그리고 중간 중간 시원하게 들이키는 한라봉에이드도 일품이었답니다 : ) 나중에 또 제주도에 가게 된다면 송당오두막에 한번 더...,2020-07-13 14:04:00+09:00,,제주도 맛집 송당오두막 / &#39;제주한달살이 20.03.26&#39;,http://solkerbell-truestory.tistory.com/58
onatrip blog,오더가 4시30분이니 시간 맞춰 가시기 바랍니다. 일요일도 영업을 하지 않으니 일정에 넣으실 때 참고하시기 바랍니다. 영업시간이 상당히 짧습니다. 제주도 맛집들 중 이런 곳들이 여러곳 보이더군요. 일정 짜실 대 영업시간을 꼭 확인하시기 바랍니다. 내부의 모습입니다. 가정집을 개조해서 만든 모양인데 언듯보면...,2020-04-17 21:22:00+09:00,,제주도 최고 맛집 남춘식당,http://www.onatrip.co.kr/442
모던센스,"제주도맛집추천, 애월읍맛집 &#34;소길역&#34; 휴가내고 제주도 놀러왔어요~ 장마라 날씨가 걱정이었는데 변덕스런 제주도 날씨가 다행인지 비가 내리다 말다를 반복 ㅎㅎ 파아란 제주도 바다는 언제봐도 넘 예뻐요♡ 해가 떴으면 더 예뻤겠지만 그래도 바다보니 기분이 넘 좋네용~ 애월읍 맛집 검색해서 찾아간 스키야키가...",2020-07-14 18:59:00+09:00,,"제주도맛집추천, 애월읍맛집 &#34;소길역&#34; 스키야키",http://blog.naver.com/athel99/222030880508
서울베지터,자치도 제주시 남광로 44 1층 짬뽕 바나나 영업시간:매일 11:00~ 21:00 /매주 수요일휴무/첫쨰주 화요일휴무 전화번호:064-723-6103 ​ ​ ​ 야들아 드가자~ ​ ​ 제주도맛집 짬뽕 바나나 외관모습 ​ 주소로는 1층으로 되어 있지만 ​ 보이는 계단으로 살포시 올라가면 짬뽕 바나나 입니다 ㅋㅋㅋㅋ ​ ​ 짬뽕 바나나 내부를 안...,2020-08-09 11:20:00+09:00,,제주도맛집 짬뽕바나나 짬뽕맛집,http://blog.naver.com/jks3713/222053107479
프로그램 개발자,볶음밥에 넣을 고기를 남겨주세요!꼭이요​ 더감동인건 볶음밥3천원에 된장찌개도 나온답니다! 보이시나요! 계란도 넣어주세요! 사장님 인심이 쵝오!👍👍 진짜 집근처에 있었으면 일주일에 2번은 갔을정도로 맛있어요!!!앞으로 제주도가면 흑돼지먹으러 한길정만 갈거에요! ​ 진짜 저만알고싶은 제주도맛집 이였습니다...,2020-05-01 10:42:00+09:00,,[제주도] 흑돼지 맛집 한길정,http://qmffor09.tistory.com/78
온양방씨의 제주여행 블로그,"제주에서 마지막 날, 꼭 가보고 싶었던 제주도 성산 맛집에 방문했어요. 살이 꽉차고 신선한 각종 제주생선을 푸짐하게 즐길 수 있었던 곳이었는데요. ​ ​ ​ 이 날 방문한 성산바다는 성산일출봉에서 차로 12분 거리라 접근성이 뛰어나더라구요. 무엇보다 가게 앞에 간판이 크게 걸려있어 쉽게 발견했답니다. ​ ​ ​ 안쪽으로...",2020-09-26 15:01:00+09:00,,다양했던 제주도 성산 맛집,http://blog.naver.com/12gojeju/222100241832
사진에 세상을 담다 by everlsk,"안녕하세요, 에버(everlsk) 입니다. ​ 제주도 월정리 맛집 추천 드리는 슬슬슬로우 돔베라면 / 돔베초밥 / 돔베땡초김밥 입니다. ​ 더불어 지난 3월 제주도 여행 시 갔었던 맛집들인데 함께 추천 드립니다. ​ ​ 밥깡패 ​ https://blog.naver.com/everlsk/221983850367 [제주 한림 맛집] 밥깡패 해녀파스타 안녕하세요, 에버...",2020-06-04 08:00:00+09:00,,[제주도 월정리 맛집] 슬슬슬로우 돔베라면,http://blog.naver.com/everlsk/221989133234
인스턴트 꿈,나오는 국물입니다. 찐 고깃국물이라 보시면 됩니다. 육수에 배추 등을 넣고 끓인 요리인데 와... 밥 한공기 더 주문하세요. ​ 제주도는 못갔지만 제주도를 다녀온 듯한 느낌 망원동 맛집 오라방이었습니다. 오늘도 잘 먹었습니다. ​ 오라방 서울특별시 마포구 포은로 68 #오라방 #망원동맛집 #망원맛집 #망원동제주도...,2020-09-25 09:48:00+09:00,,망원동 속 작은 제주도 맛집 오라방,http://blog.naver.com/madurh/222099153456
봄라's adorablog ♪,지난주에는 가족들과 제주도로 휴가를 떠났다가 지인이 추천해준 맛집을 찾아갔어요. 합리적인 가격으로 토종품종소를 맛볼 수 있었던 제주도 맛집이라 여러분께 소개해 드릴게요! ​ ​ ​ ​ 저희가 방문했던 흑소랑은 제주공항에서 자동차로 15분 거리에 있어 접근성도 매우 좋았어요. 가게 규모도 크고 눈에 확 띄는 간판이...,2020-08-15 07:00:00+09:00,,차원이 다른 제주도 맛집,http://blog.naver.com/bovely_la/222061024770
다시태어나도당신,"참 괜찮았던 제주도 맛집 오늘은 오랜만에 연차를 던져두고, 친구들과 제주 유람 중 펜션 주인장에게 추천받고 다녀온 제주도 맛집을 소개할까 한다. 고등어찜 전문점이었는데 숙소 인근의 가까운 접근성과 묵은지와의 음식 구성에 흡족했던 곳이다. ​ 바다위에펜션 제주특별자치도 제주시 애월읍 일주서로 7219-1 ​ 주소...",2020-08-01 22:02:00+09:00,,참 괜찮았던 제주도 맛집,http://blog.naver.com/zara7744/222048475474
바카블로그(BAKA's BLOG),​ 며칠 전 가족들과 각종 해물을 골고루 섭취할 수 있다는 제주도 맛집에 다녀왔다. 몸에 좋은 재료가 듬뿍 들어간 갈치조림으로 식욕도 높여주고 몸보신도 할 수 있었던 곳이다. ​ ​ ​ 배 터지게 즐겼던 어가는 노형동에 위치해있었는데 제주공항이나 이호테우해수욕장에서 차로 약 10분 정도의 거리였기에 여러모로 접근성...,2020-10-02 07:00:00+09:00,,흥에겨운 제주도 맛집 list,http://blog.naver.com/gaogaiga2000/222104432320
지극히평범한,요즘은 밖을 거의 못나가서 외식도 하지 않고 집에서만 주로 먹고 있다. 하지만 정말 몇달만에 친구가 가보고 싶은 곳이 있다하여 함께 제주도 애월 맛집을 다녀왔다. ​ 애월 중산간에 위치하여 작지만 음식맛도 좋고 너무나 예뻤던 곳이다. 처음에 도착하였을 때 간판도 보이지 않고 이곳이 맞나? 할 정도로 일반 가정집...,2020-09-10 12:00:00+09:00,,스튜디오 같은 제주도 애월 맛집,http://blog.naver.com/586hot/222085501405
⠀,"하이,,~ 제주도 맛집 빅데이터 2를 들고 돌아왔어요 ​ 아무도 안궁금해 하는거 같지만 뭐 어쩌라고요 ㅋ ​ 다시 광주 오는 비행기••• ​ 열어분 저 5박만에 광주 돌아와쒀여 ㅠㅠ 집 오니까 좀 살거 같기두 하고.. ​ 저번 게시물이 서쪽 맛집이었다면 오늘은 동쪽, 성산쪽 맛집 위주로 쓸거임다 ​ 바로 시작해볼게여...",2020-08-30 22:42:00+09:00,,제주도 맛집 빅데이터 2,http://blog.naver.com/coalswo6552/222075594296
"소소한 일상의 행복""",후식으로 배불리먹었당ㅋㅋ 넘넘 친절하시기까지ㅠ ​ 아! 국물까지 완샷ㅋㅋㅋㅋ 함덕에 숙소 잡는다면 여긴 또 갈듯! ​ *여기가 예전 함덕심야식당 자리라는걸 포스팅하면서 알게됨ㅋㅋ 심야식당도 안가봤지만 ;;; ​ ​ #함덕우동집 #함덕맛집 #제주도우동맛집 #옛날우동 #제주도맛집 #제주도숨은맛집 #조천맛집 #함덕혼밥집...,2020-09-22 18:36:00+09:00,,우연히 만난 제주도 맛집 &#39;함덕우동집&#39;,http://blog.naver.com/seuttung-i/222096663532
존버파파.,제주도 ... 이름만 들어도 설레죠? 또한 제주도하면 생각나는 맛집.. 제주흑돼지 좋아하세요? 없어서 환장하는 저로써는 제주흑돼지하면 떠오르는 맛집 중문모메든식당 추천해요!! 겨우 지난 주의 일상이었을 뿐인데 이토록 아련하게 느껴지는 것은.. 연탄불에 구워먹던 쨀깃한 꼬기가 아련아련하네용ㅠㅠ 서울경기 시내...,2020-04-15 23:54:00+09:00,,제주도 흑돼지 맛집 후기!,http://jbpp13.tistory.com/1
잡다허당님의 티스토리,안녕하세요 잡다허당입니다. 오늘은 제주도 맛집인 자매국수 먹은후기를 써보려고합니당! 제주도 시내쪽에 있어서 가보았는데요. 노랑면에 돔베고기(돼지고기수육)이 참 맛있었습니다. 육수는 무난한 편이고요. 수육이 짱짱입니당 ㅎㅎㅎ 국수는 비싸지 않는 편이라 먹어보셔도 좋을 제주도 맛집입니다. 제주 자매국수...,2020-07-29 09:19:00+09:00,,제주도맛집 자매국수 고기국수후기,http://mint23.tistory.com/99
여행 좋아하세요?,"제주도에는 맛집이 참 많이 있따. 숨어있는 맛집도 있지만, 도심에 있는 맛집도 있다. 리틀 오사카는 바로 그런곳이다. 이름에서도 알 수 있듯 일본식 음식을 파는 곳이다. 이곳의 시그니처음식은 전복 온반인 것 같다. 몇번의 도전을 했는데 그때마다 먹을 수 없었다. 이날은 성공 :) 따듯한 전복 온반이 나왔다...",2020-08-18 13:53:00+09:00,,제주도 맛집 추천_리틀 오사카,http://chunini.tistory.com/5
